asic,workload,graph_name,engine_id,engine_name,role,status,correctness_match,applicable,error_message,skip_reason
gfx942,cudnn_frontend_attention_inference,ar_dit__context_chunked_idx2_b1_hq9_kv9_dqk128_dvo128_sq985_skv62208_causal,0,unknown,engine,skipped,,False,,Failed to get ranked engine ids: No engine configurations available for the graph.
gfx942,cudnn_frontend_attention_inference,ar_dit__context_chunked_idx3_b1_hq9_kv9_dqk128_dvo128_sq2048_skv62208_causal,0,unknown,engine,skipped,,False,,Failed to get ranked engine ids: No engine configurations available for the graph.
gfx942,cudnn_frontend_attention_inference,ar_dit__context_chunked_idx4_b1_hq9_kv9_dqk128_dvo128_sq4096_skv62208_causal,0,unknown,engine,skipped,,False,,Failed to get ranked engine ids: No engine configurations available for the graph.
gfx942,cudnn_frontend_attention_inference,ar_dit__context_chunked_idx5_b1_hq9_kv9_dqk128_dvo128_sq8192_skv62208_causal,0,unknown,engine,skipped,,False,,Failed to get ranked engine ids: No engine configurations available for the graph.
gfx942,cudnn_frontend_attention_inference,ar_dit__context_full_idx0_b1_hq9_kv9_dqk128_dvo128_sq8192_skv8192_full,4714091817493728420,ASM_SDPA_ENGINE,engine,success,,True,,
gfx942,cudnn_frontend_attention_inference,ar_dit__context_full_idx1_b1_hq9_kv9_dqk128_dvo128_sq62208_skv62208_full,4714091817493728420,ASM_SDPA_ENGINE,engine,success,,True,,
gfx942,cudnn_frontend_attention_inference,ar_dit__generation_idx6_b1_hq9_kv9_dqk128_dvo128_sq1_skv62208_causal,0,unknown,engine,skipped,,False,,Failed to get ranked engine ids: No engine configurations available for the graph.
gfx942,cudnn_frontend_attention_inference,ar_dit__generation_idx7_b1_hq9_kv9_dqk128_dvo128_sq2_skv62208_causal,0,unknown,engine,skipped,,False,,Failed to get ranked engine ids: No engine configurations available for the graph.
gfx942,cudnn_frontend_attention_inference,ar_dit__generation_idx8_b1_hq9_kv9_dqk128_dvo128_sq3_skv62208_causal,0,unknown,engine,skipped,,False,,Failed to get ranked engine ids: No engine configurations available for the graph.
gfx942,cudnn_frontend_attention_inference,ar_dit__generation_idx9_b1_hq9_kv9_dqk128_dvo128_sq4_skv62208_causal,0,unknown,engine,skipped,,False,,Failed to get ranked engine ids: No engine configurations available for the graph.
gfx942,cudnn_frontend_attention_inference,dsv4_flash-tp2__context_chunked_idx26_b1_hq32_kv1_dqk512_dvo512_sq512_skv65536_causal,0,unknown,engine,skipped,,False,,Failed to get ranked engine ids: No engine configurations available for the graph.
gfx942,cudnn_frontend_attention_inference,dsv4_flash-tp2__context_chunked_idx27_b1_hq32_kv1_dqk512_dvo512_sq512_skv131072_causal,0,unknown,engine,skipped,,False,,Failed to get ranked engine ids: No engine configurations available for the graph.
gfx942,cudnn_frontend_attention_inference,dsv4_flash-tp2__context_chunked_idx28_b1_hq32_kv1_dqk512_dvo512_sq1024_skv65536_causal,0,unknown,engine,skipped,,False,,Failed to get ranked engine ids: No engine configurations available for the graph.
gfx942,cudnn_frontend_attention_inference,dsv4_flash-tp2__context_chunked_idx29_b1_hq32_kv1_dqk512_dvo512_sq1024_skv131072_causal,0,unknown,engine,skipped,,False,,Failed to get ranked engine ids: No engine configurations available for the graph.
gfx942,cudnn_frontend_attention_inference,dsv4_flash-tp2__context_full_idx24_b1_hq32_kv1_dqk512_dvo512_sq2048_skv2048_causal,0,unknown,engine,skipped,,False,,Failed to get ranked engine ids: No engine configurations available for the graph.
gfx942,cudnn_frontend_attention_inference,dsv4_flash-tp2__context_full_idx25_b1_hq32_kv1_dqk512_dvo512_sq8192_skv8192_causal,0,unknown,engine,skipped,,False,,Failed to get ranked engine ids: No engine configurations available for the graph.
gfx942,cudnn_frontend_attention_inference,dsv4_flash-tp2__generation_idx30_b1_hq32_kv1_dqk512_dvo512_sq1_skv131072_causal,0,unknown,engine,skipped,,False,,Failed to get ranked engine ids: No engine configurations available for the graph.
gfx942,cudnn_frontend_attention_inference,dsv4_flash-tp2__generation_idx31_b128_hq32_kv1_dqk512_dvo512_sq1_skv131072_causal,0,unknown,engine,skipped,,False,,Failed to get ranked engine ids: No engine configurations available for the graph.
gfx942,cudnn_frontend_attention_inference,dsv4_flash-tp2__generation_idx32_b1_hq32_kv1_dqk512_dvo512_sq2_skv131072_causal,0,unknown,engine,skipped,,False,,Failed to get ranked engine ids: No engine configurations available for the graph.
gfx942,cudnn_frontend_attention_inference,dsv4_flash-tp2__generation_idx33_b128_hq32_kv1_dqk512_dvo512_sq2_skv131072_causal,0,unknown,engine,skipped,,False,,Failed to get ranked engine ids: No engine configurations available for the graph.
gfx942,cudnn_frontend_attention_inference,dsv4_flash-tp2__generation_idx34_b1_hq32_kv1_dqk512_dvo512_sq3_skv131072_causal,0,unknown,engine,skipped,,False,,Failed to get ranked engine ids: No engine configurations available for the graph.
gfx942,cudnn_frontend_attention_inference,dsv4_flash-tp2__generation_idx35_b128_hq32_kv1_dqk512_dvo512_sq3_skv131072_causal,0,unknown,engine,skipped,,False,,Failed to get ranked engine ids: No engine configurations available for the graph.
gfx942,cudnn_frontend_attention_inference,dsv4_flash-tp2__generation_idx36_b1_hq32_kv1_dqk512_dvo512_sq4_skv131072_causal,0,unknown,engine,skipped,,False,,Failed to get ranked engine ids: No engine configurations available for the graph.
gfx942,cudnn_frontend_attention_inference,dsv4_flash-tp2__generation_idx37_b128_hq32_kv1_dqk512_dvo512_sq4_skv131072_causal,0,unknown,engine,skipped,,False,,Failed to get ranked engine ids: No engine configurations available for the graph.
gfx942,cudnn_frontend_attention_inference,dsv4_flash-tp4__context_chunked_idx40_b1_hq16_kv1_dqk512_dvo512_sq512_skv65536_causal,0,unknown,engine,skipped,,False,,Failed to get ranked engine ids: No engine configurations available for the graph.
gfx942,cudnn_frontend_attention_inference,dsv4_flash-tp4__context_chunked_idx41_b1_hq16_kv1_dqk512_dvo512_sq512_skv131072_causal,0,unknown,engine,skipped,,False,,Failed to get ranked engine ids: No engine configurations available for the graph.
gfx942,cudnn_frontend_attention_inference,dsv4_flash-tp4__context_chunked_idx42_b1_hq16_kv1_dqk512_dvo512_sq1024_skv65536_causal,0,unknown,engine,skipped,,False,,Failed to get ranked engine ids: No engine configurations available for the graph.
gfx942,cudnn_frontend_attention_inference,dsv4_flash-tp4__context_chunked_idx43_b1_hq16_kv1_dqk512_dvo512_sq1024_skv131072_causal,0,unknown,engine,skipped,,False,,Failed to get ranked engine ids: No engine configurations available for the graph.
gfx942,cudnn_frontend_attention_inference,dsv4_flash-tp4__context_full_idx38_b1_hq16_kv1_dqk512_dvo512_sq2048_skv2048_causal,0,unknown,engine,skipped,,False,,Failed to get ranked engine ids: No engine configurations available for the graph.
gfx942,cudnn_frontend_attention_inference,dsv4_flash-tp4__context_full_idx39_b1_hq16_kv1_dqk512_dvo512_sq8192_skv8192_causal,0,unknown,engine,skipped,,False,,Failed to get ranked engine ids: No engine configurations available for the graph.
gfx942,cudnn_frontend_attention_inference,dsv4_flash-tp4__generation_idx44_b1_hq16_kv1_dqk512_dvo512_sq1_skv131072_causal,0,unknown,engine,skipped,,False,,Failed to get ranked engine ids: No engine configurations available for the graph.
gfx942,cudnn_frontend_attention_inference,dsv4_flash-tp4__generation_idx45_b128_hq16_kv1_dqk512_dvo512_sq1_skv131072_causal,0,unknown,engine,skipped,,False,,Failed to get ranked engine ids: No engine configurations available for the graph.
gfx942,cudnn_frontend_attention_inference,dsv4_flash-tp4__generation_idx46_b1_hq16_kv1_dqk512_dvo512_sq2_skv131072_causal,0,unknown,engine,skipped,,False,,Failed to get ranked engine ids: No engine configurations available for the graph.
gfx942,cudnn_frontend_attention_inference,dsv4_flash-tp4__generation_idx47_b128_hq16_kv1_dqk512_dvo512_sq2_skv131072_causal,0,unknown,engine,skipped,,False,,Failed to get ranked engine ids: No engine configurations available for the graph.
gfx942,cudnn_frontend_attention_inference,dsv4_flash-tp4__generation_idx48_b1_hq16_kv1_dqk512_dvo512_sq3_skv131072_causal,0,unknown,engine,skipped,,False,,Failed to get ranked engine ids: No engine configurations available for the graph.
gfx942,cudnn_frontend_attention_inference,dsv4_flash-tp4__generation_idx49_b128_hq16_kv1_dqk512_dvo512_sq3_skv131072_causal,0,unknown,engine,skipped,,False,,Failed to get ranked engine ids: No engine configurations available for the graph.
gfx942,cudnn_frontend_attention_inference,dsv4_flash-tp4__generation_idx50_b1_hq16_kv1_dqk512_dvo512_sq4_skv131072_causal,0,unknown,engine,skipped,,False,,Failed to get ranked engine ids: No engine configurations available for the graph.
gfx942,cudnn_frontend_attention_inference,dsv4_flash-tp4__generation_idx51_b128_hq16_kv1_dqk512_dvo512_sq4_skv131072_causal,0,unknown,engine,skipped,,False,,Failed to get ranked engine ids: No engine configurations available for the graph.
gfx942,cudnn_frontend_attention_inference,dsv4_flash-tp8__context_chunked_idx54_b1_hq8_kv1_dqk512_dvo512_sq512_skv65536_causal,0,unknown,engine,skipped,,False,,Failed to get ranked engine ids: No engine configurations available for the graph.
gfx942,cudnn_frontend_attention_inference,dsv4_flash-tp8__context_chunked_idx55_b1_hq8_kv1_dqk512_dvo512_sq512_skv131072_causal,0,unknown,engine,skipped,,False,,Failed to get ranked engine ids: No engine configurations available for the graph.
gfx942,cudnn_frontend_attention_inference,dsv4_flash-tp8__context_chunked_idx56_b1_hq8_kv1_dqk512_dvo512_sq1024_skv65536_causal,0,unknown,engine,skipped,,False,,Failed to get ranked engine ids: No engine configurations available for the graph.
gfx942,cudnn_frontend_attention_inference,dsv4_flash-tp8__context_chunked_idx57_b1_hq8_kv1_dqk512_dvo512_sq1024_skv131072_causal,0,unknown,engine,skipped,,False,,Failed to get ranked engine ids: No engine configurations available for the graph.
gfx942,cudnn_frontend_attention_inference,dsv4_flash-tp8__context_full_idx52_b1_hq8_kv1_dqk512_dvo512_sq2048_skv2048_causal,0,unknown,engine,skipped,,False,,Failed to get ranked engine ids: No engine configurations available for the graph.
gfx942,cudnn_frontend_attention_inference,dsv4_flash-tp8__context_full_idx53_b1_hq8_kv1_dqk512_dvo512_sq8192_skv8192_causal,0,unknown,engine,skipped,,False,,Failed to get ranked engine ids: No engine configurations available for the graph.
gfx942,cudnn_frontend_attention_inference,dsv4_flash-tp8__generation_idx58_b1_hq8_kv1_dqk512_dvo512_sq1_skv131072_causal,0,unknown,engine,skipped,,False,,Failed to get ranked engine ids: No engine configurations available for the graph.
gfx942,cudnn_frontend_attention_inference,dsv4_flash-tp8__generation_idx59_b128_hq8_kv1_dqk512_dvo512_sq1_skv131072_causal,0,unknown,engine,skipped,,False,,Failed to get ranked engine ids: No engine configurations available for the graph.
gfx942,cudnn_frontend_attention_inference,dsv4_flash-tp8__generation_idx60_b1_hq8_kv1_dqk512_dvo512_sq2_skv131072_causal,0,unknown,engine,skipped,,False,,Failed to get ranked engine ids: No engine configurations available for the graph.
gfx942,cudnn_frontend_attention_inference,dsv4_flash-tp8__generation_idx61_b128_hq8_kv1_dqk512_dvo512_sq2_skv131072_causal,0,unknown,engine,skipped,,False,,Failed to get ranked engine ids: No engine configurations available for the graph.
gfx942,cudnn_frontend_attention_inference,dsv4_flash-tp8__generation_idx62_b1_hq8_kv1_dqk512_dvo512_sq3_skv131072_causal,0,unknown,engine,skipped,,False,,Failed to get ranked engine ids: No engine configurations available for the graph.
gfx942,cudnn_frontend_attention_inference,dsv4_flash-tp8__generation_idx63_b128_hq8_kv1_dqk512_dvo512_sq3_skv131072_causal,0,unknown,engine,skipped,,False,,Failed to get ranked engine ids: No engine configurations available for the graph.
gfx942,cudnn_frontend_attention_inference,dsv4_flash-tp8__generation_idx64_b1_hq8_kv1_dqk512_dvo512_sq4_skv131072_causal,0,unknown,engine,skipped,,False,,Failed to get ranked engine ids: No engine configurations available for the graph.
gfx942,cudnn_frontend_attention_inference,dsv4_flash-tp8__generation_idx65_b128_hq8_kv1_dqk512_dvo512_sq4_skv131072_causal,0,unknown,engine,skipped,,False,,Failed to get ranked engine ids: No engine configurations available for the graph.
gfx942,cudnn_frontend_attention_inference,dsv4_flash__context_chunked_idx12_b1_hq64_kv1_dqk512_dvo512_sq512_skv65536_causal,0,unknown,engine,skipped,,False,,Failed to get ranked engine ids: No engine configurations available for the graph.
gfx942,cudnn_frontend_attention_inference,dsv4_flash__context_chunked_idx13_b1_hq64_kv1_dqk512_dvo512_sq512_skv131072_causal,0,unknown,engine,skipped,,False,,Failed to get ranked engine ids: No engine configurations available for the graph.
gfx942,cudnn_frontend_attention_inference,dsv4_flash__context_chunked_idx14_b1_hq64_kv1_dqk512_dvo512_sq1024_skv65536_causal,0,unknown,engine,skipped,,False,,Failed to get ranked engine ids: No engine configurations available for the graph.
gfx942,cudnn_frontend_attention_inference,dsv4_flash__context_chunked_idx15_b1_hq64_kv1_dqk512_dvo512_sq1024_skv131072_causal,0,unknown,engine,skipped,,False,,Failed to get ranked engine ids: No engine configurations available for the graph.
gfx942,cudnn_frontend_attention_inference,dsv4_flash__context_full_idx10_b1_hq64_kv1_dqk512_dvo512_sq2048_skv2048_causal,0,unknown,engine,skipped,,False,,Failed to get ranked engine ids: No engine configurations available for the graph.
gfx942,cudnn_frontend_attention_inference,dsv4_flash__context_full_idx11_b1_hq64_kv1_dqk512_dvo512_sq8192_skv8192_causal,0,unknown,engine,skipped,,False,,Failed to get ranked engine ids: No engine configurations available for the graph.
gfx942,cudnn_frontend_attention_inference,dsv4_flash__generation_idx16_b1_hq64_kv1_dqk512_dvo512_sq1_skv131072_causal,0,unknown,engine,skipped,,False,,Failed to get ranked engine ids: No engine configurations available for the graph.
gfx942,cudnn_frontend_attention_inference,dsv4_flash__generation_idx17_b128_hq64_kv1_dqk512_dvo512_sq1_skv131072_causal,0,unknown,engine,skipped,,False,,Failed to get ranked engine ids: No engine configurations available for the graph.
gfx942,cudnn_frontend_attention_inference,dsv4_flash__generation_idx18_b1_hq64_kv1_dqk512_dvo512_sq2_skv131072_causal,0,unknown,engine,skipped,,False,,Failed to get ranked engine ids: No engine configurations available for the graph.
gfx942,cudnn_frontend_attention_inference,dsv4_flash__generation_idx19_b128_hq64_kv1_dqk512_dvo512_sq2_skv131072_causal,0,unknown,engine,skipped,,False,,Failed to get ranked engine ids: No engine configurations available for the graph.
gfx942,cudnn_frontend_attention_inference,dsv4_flash__generation_idx20_b1_hq64_kv1_dqk512_dvo512_sq3_skv131072_causal,0,unknown,engine,skipped,,False,,Failed to get ranked engine ids: No engine configurations available for the graph.
gfx942,cudnn_frontend_attention_inference,dsv4_flash__generation_idx21_b128_hq64_kv1_dqk512_dvo512_sq3_skv131072_causal,0,unknown,engine,skipped,,False,,Failed to get ranked engine ids: No engine configurations available for the graph.
gfx942,cudnn_frontend_attention_inference,dsv4_flash__generation_idx22_b1_hq64_kv1_dqk512_dvo512_sq4_skv131072_causal,0,unknown,engine,skipped,,False,,Failed to get ranked engine ids: No engine configurations available for the graph.
gfx942,cudnn_frontend_attention_inference,dsv4_flash__generation_idx23_b128_hq64_kv1_dqk512_dvo512_sq4_skv131072_causal,0,unknown,engine,skipped,,False,,Failed to get ranked engine ids: No engine configurations available for the graph.
gfx942,cudnn_frontend_attention_inference,dsv4_pro-tp2__context_chunked_idx82_b1_hq64_kv1_dqk512_dvo512_sq512_skv65536_causal,0,unknown,engine,skipped,,False,,Failed to get ranked engine ids: No engine configurations available for the graph.
gfx942,cudnn_frontend_attention_inference,dsv4_pro-tp2__context_chunked_idx83_b1_hq64_kv1_dqk512_dvo512_sq512_skv131072_causal,0,unknown,engine,skipped,,False,,Failed to get ranked engine ids: No engine configurations available for the graph.
gfx942,cudnn_frontend_attention_inference,dsv4_pro-tp2__context_chunked_idx84_b1_hq64_kv1_dqk512_dvo512_sq1024_skv65536_causal,0,unknown,engine,skipped,,False,,Failed to get ranked engine ids: No engine configurations available for the graph.
gfx942,cudnn_frontend_attention_inference,dsv4_pro-tp2__context_chunked_idx85_b1_hq64_kv1_dqk512_dvo512_sq1024_skv131072_causal,0,unknown,engine,skipped,,False,,Failed to get ranked engine ids: No engine configurations available for the graph.
gfx942,cudnn_frontend_attention_inference,dsv4_pro-tp2__context_full_idx80_b1_hq64_kv1_dqk512_dvo512_sq2048_skv2048_causal,0,unknown,engine,skipped,,False,,Failed to get ranked engine ids: No engine configurations available for the graph.
gfx942,cudnn_frontend_attention_inference,dsv4_pro-tp2__context_full_idx81_b1_hq64_kv1_dqk512_dvo512_sq8192_skv8192_causal,0,unknown,engine,skipped,,False,,Failed to get ranked engine ids: No engine configurations available for the graph.
gfx942,cudnn_frontend_attention_inference,dsv4_pro-tp2__generation_idx86_b1_hq64_kv1_dqk512_dvo512_sq1_skv131072_causal,0,unknown,engine,skipped,,False,,Failed to get ranked engine ids: No engine configurations available for the graph.
gfx942,cudnn_frontend_attention_inference,dsv4_pro-tp2__generation_idx87_b128_hq64_kv1_dqk512_dvo512_sq1_skv131072_causal,0,unknown,engine,skipped,,False,,Failed to get ranked engine ids: No engine configurations available for the graph.
gfx942,cudnn_frontend_attention_inference,dsv4_pro-tp2__generation_idx88_b1_hq64_kv1_dqk512_dvo512_sq2_skv131072_causal,0,unknown,engine,skipped,,False,,Failed to get ranked engine ids: No engine configurations available for the graph.
gfx942,cudnn_frontend_attention_inference,dsv4_pro-tp2__generation_idx89_b128_hq64_kv1_dqk512_dvo512_sq2_skv131072_causal,0,unknown,engine,skipped,,False,,Failed to get ranked engine ids: No engine configurations available for the graph.
gfx942,cudnn_frontend_attention_inference,dsv4_pro-tp2__generation_idx90_b1_hq64_kv1_dqk512_dvo512_sq3_skv131072_causal,0,unknown,engine,skipped,,False,,Failed to get ranked engine ids: No engine configurations available for the graph.
gfx942,cudnn_frontend_attention_inference,dsv4_pro-tp2__generation_idx91_b128_hq64_kv1_dqk512_dvo512_sq3_skv131072_causal,0,unknown,engine,skipped,,False,,Failed to get ranked engine ids: No engine configurations available for the graph.
gfx942,cudnn_frontend_attention_inference,dsv4_pro-tp2__generation_idx92_b1_hq64_kv1_dqk512_dvo512_sq4_skv131072_causal,0,unknown,engine,skipped,,False,,Failed to get ranked engine ids: No engine configurations available for the graph.
gfx942,cudnn_frontend_attention_inference,dsv4_pro-tp2__generation_idx93_b128_hq64_kv1_dqk512_dvo512_sq4_skv131072_causal,0,unknown,engine,skipped,,False,,Failed to get ranked engine ids: No engine configurations available for the graph.
gfx942,cudnn_frontend_attention_inference,dsv4_pro-tp4__context_chunked_idx96_b1_hq32_kv1_dqk512_dvo512_sq512_skv65536_causal,0,unknown,engine,skipped,,False,,Failed to get ranked engine ids: No engine configurations available for the graph.
gfx942,cudnn_frontend_attention_inference,dsv4_pro-tp4__context_chunked_idx97_b1_hq32_kv1_dqk512_dvo512_sq512_skv131072_causal,0,unknown,engine,skipped,,False,,Failed to get ranked engine ids: No engine configurations available for the graph.
gfx942,cudnn_frontend_attention_inference,dsv4_pro-tp4__context_chunked_idx98_b1_hq32_kv1_dqk512_dvo512_sq1024_skv65536_causal,0,unknown,engine,skipped,,False,,Failed to get ranked engine ids: No engine configurations available for the graph.
gfx942,cudnn_frontend_attention_inference,dsv4_pro-tp4__context_chunked_idx99_b1_hq32_kv1_dqk512_dvo512_sq1024_skv131072_causal,0,unknown,engine,skipped,,False,,Failed to get ranked engine ids: No engine configurations available for the graph.
gfx942,cudnn_frontend_attention_inference,dsv4_pro-tp4__context_full_idx94_b1_hq32_kv1_dqk512_dvo512_sq2048_skv2048_causal,0,unknown,engine,skipped,,False,,Failed to get ranked engine ids: No engine configurations available for the graph.
gfx942,cudnn_frontend_attention_inference,dsv4_pro-tp4__context_full_idx95_b1_hq32_kv1_dqk512_dvo512_sq8192_skv8192_causal,0,unknown,engine,skipped,,False,,Failed to get ranked engine ids: No engine configurations available for the graph.
gfx942,cudnn_frontend_attention_inference,dsv4_pro-tp4__generation_idx100_b1_hq32_kv1_dqk512_dvo512_sq1_skv131072_causal,0,unknown,engine,skipped,,False,,Failed to get ranked engine ids: No engine configurations available for the graph.
gfx942,cudnn_frontend_attention_inference,dsv4_pro-tp4__generation_idx101_b128_hq32_kv1_dqk512_dvo512_sq1_skv131072_causal,0,unknown,engine,skipped,,False,,Failed to get ranked engine ids: No engine configurations available for the graph.
gfx942,cudnn_frontend_attention_inference,dsv4_pro-tp4__generation_idx102_b1_hq32_kv1_dqk512_dvo512_sq2_skv131072_causal,0,unknown,engine,skipped,,False,,Failed to get ranked engine ids: No engine configurations available for the graph.
gfx942,cudnn_frontend_attention_inference,dsv4_pro-tp4__generation_idx103_b128_hq32_kv1_dqk512_dvo512_sq2_skv131072_causal,0,unknown,engine,skipped,,False,,Failed to get ranked engine ids: No engine configurations available for the graph.
gfx942,cudnn_frontend_attention_inference,dsv4_pro-tp4__generation_idx104_b1_hq32_kv1_dqk512_dvo512_sq3_skv131072_causal,0,unknown,engine,skipped,,False,,Failed to get ranked engine ids: No engine configurations available for the graph.
gfx942,cudnn_frontend_attention_inference,dsv4_pro-tp4__generation_idx105_b128_hq32_kv1_dqk512_dvo512_sq3_skv131072_causal,0,unknown,engine,skipped,,False,,Failed to get ranked engine ids: No engine configurations available for the graph.
gfx942,cudnn_frontend_attention_inference,dsv4_pro-tp4__generation_idx106_b1_hq32_kv1_dqk512_dvo512_sq4_skv131072_causal,0,unknown,engine,skipped,,False,,Failed to get ranked engine ids: No engine configurations available for the graph.
gfx942,cudnn_frontend_attention_inference,dsv4_pro-tp4__generation_idx107_b128_hq32_kv1_dqk512_dvo512_sq4_skv131072_causal,0,unknown,engine,skipped,,False,,Failed to get ranked engine ids: No engine configurations available for the graph.
gfx942,cudnn_frontend_attention_inference,dsv4_pro-tp8__context_chunked_idx110_b1_hq16_kv1_dqk512_dvo512_sq512_skv65536_causal,0,unknown,engine,skipped,,False,,Failed to get ranked engine ids: No engine configurations available for the graph.
gfx942,cudnn_frontend_attention_inference,dsv4_pro-tp8__context_chunked_idx111_b1_hq16_kv1_dqk512_dvo512_sq512_skv131072_causal,0,unknown,engine,skipped,,False,,Failed to get ranked engine ids: No engine configurations available for the graph.
gfx942,cudnn_frontend_attention_inference,dsv4_pro-tp8__context_chunked_idx112_b1_hq16_kv1_dqk512_dvo512_sq1024_skv65536_causal,0,unknown,engine,skipped,,False,,Failed to get ranked engine ids: No engine configurations available for the graph.
gfx942,cudnn_frontend_attention_inference,dsv4_pro-tp8__context_chunked_idx113_b1_hq16_kv1_dqk512_dvo512_sq1024_skv131072_causal,0,unknown,engine,skipped,,False,,Failed to get ranked engine ids: No engine configurations available for the graph.
gfx942,cudnn_frontend_attention_inference,dsv4_pro-tp8__context_full_idx108_b1_hq16_kv1_dqk512_dvo512_sq2048_skv2048_causal,0,unknown,engine,skipped,,False,,Failed to get ranked engine ids: No engine configurations available for the graph.
gfx942,cudnn_frontend_attention_inference,dsv4_pro-tp8__context_full_idx109_b1_hq16_kv1_dqk512_dvo512_sq8192_skv8192_causal,0,unknown,engine,skipped,,False,,Failed to get ranked engine ids: No engine configurations available for the graph.
gfx942,cudnn_frontend_attention_inference,dsv4_pro-tp8__generation_idx114_b1_hq16_kv1_dqk512_dvo512_sq1_skv131072_causal,0,unknown,engine,skipped,,False,,Failed to get ranked engine ids: No engine configurations available for the graph.
gfx942,cudnn_frontend_attention_inference,dsv4_pro-tp8__generation_idx115_b128_hq16_kv1_dqk512_dvo512_sq1_skv131072_causal,0,unknown,engine,skipped,,False,,Failed to get ranked engine ids: No engine configurations available for the graph.
gfx942,cudnn_frontend_attention_inference,dsv4_pro-tp8__generation_idx116_b1_hq16_kv1_dqk512_dvo512_sq2_skv131072_causal,0,unknown,engine,skipped,,False,,Failed to get ranked engine ids: No engine configurations available for the graph.
gfx942,cudnn_frontend_attention_inference,dsv4_pro-tp8__generation_idx117_b128_hq16_kv1_dqk512_dvo512_sq2_skv131072_causal,0,unknown,engine,skipped,,False,,Failed to get ranked engine ids: No engine configurations available for the graph.
gfx942,cudnn_frontend_attention_inference,dsv4_pro-tp8__generation_idx118_b1_hq16_kv1_dqk512_dvo512_sq3_skv131072_causal,0,unknown,engine,skipped,,False,,Failed to get ranked engine ids: No engine configurations available for the graph.
gfx942,cudnn_frontend_attention_inference,dsv4_pro-tp8__generation_idx119_b128_hq16_kv1_dqk512_dvo512_sq3_skv131072_causal,0,unknown,engine,skipped,,False,,Failed to get ranked engine ids: No engine configurations available for the graph.
gfx942,cudnn_frontend_attention_inference,dsv4_pro-tp8__generation_idx120_b1_hq16_kv1_dqk512_dvo512_sq4_skv131072_causal,0,unknown,engine,skipped,,False,,Failed to get ranked engine ids: No engine configurations available for the graph.
gfx942,cudnn_frontend_attention_inference,dsv4_pro-tp8__generation_idx121_b128_hq16_kv1_dqk512_dvo512_sq4_skv131072_causal,0,unknown,engine,skipped,,False,,Failed to get ranked engine ids: No engine configurations available for the graph.
gfx942,cudnn_frontend_attention_inference,dsv4_pro__context_chunked_idx68_b1_hq128_kv1_dqk512_dvo512_sq512_skv65536_causal,0,unknown,engine,skipped,,False,,Failed to get ranked engine ids: No engine configurations available for the graph.
gfx942,cudnn_frontend_attention_inference,dsv4_pro__context_chunked_idx69_b1_hq128_kv1_dqk512_dvo512_sq512_skv131072_causal,0,unknown,engine,skipped,,False,,Failed to get ranked engine ids: No engine configurations available for the graph.
gfx942,cudnn_frontend_attention_inference,dsv4_pro__context_chunked_idx70_b1_hq128_kv1_dqk512_dvo512_sq1024_skv65536_causal,0,unknown,engine,skipped,,False,,Failed to get ranked engine ids: No engine configurations available for the graph.
gfx942,cudnn_frontend_attention_inference,dsv4_pro__context_chunked_idx71_b1_hq128_kv1_dqk512_dvo512_sq1024_skv131072_causal,0,unknown,engine,skipped,,False,,Failed to get ranked engine ids: No engine configurations available for the graph.
gfx942,cudnn_frontend_attention_inference,dsv4_pro__context_full_idx66_b1_hq128_kv1_dqk512_dvo512_sq2048_skv2048_causal,0,unknown,engine,skipped,,False,,Failed to get ranked engine ids: No engine configurations available for the graph.
gfx942,cudnn_frontend_attention_inference,dsv4_pro__context_full_idx67_b1_hq128_kv1_dqk512_dvo512_sq8192_skv8192_causal,0,unknown,engine,skipped,,False,,Failed to get ranked engine ids: No engine configurations available for the graph.
gfx942,cudnn_frontend_attention_inference,dsv4_pro__generation_idx72_b1_hq128_kv1_dqk512_dvo512_sq1_skv131072_causal,0,unknown,engine,skipped,,False,,Failed to get ranked engine ids: No engine configurations available for the graph.
gfx942,cudnn_frontend_attention_inference,dsv4_pro__generation_idx73_b128_hq128_kv1_dqk512_dvo512_sq1_skv131072_causal,0,unknown,engine,skipped,,False,,Failed to get ranked engine ids: No engine configurations available for the graph.
gfx942,cudnn_frontend_attention_inference,dsv4_pro__generation_idx74_b1_hq128_kv1_dqk512_dvo512_sq2_skv131072_causal,0,unknown,engine,skipped,,False,,Failed to get ranked engine ids: No engine configurations available for the graph.
gfx942,cudnn_frontend_attention_inference,dsv4_pro__generation_idx75_b128_hq128_kv1_dqk512_dvo512_sq2_skv131072_causal,0,unknown,engine,skipped,,False,,Failed to get ranked engine ids: No engine configurations available for the graph.
gfx942,cudnn_frontend_attention_inference,dsv4_pro__generation_idx76_b1_hq128_kv1_dqk512_dvo512_sq3_skv131072_causal,0,unknown,engine,skipped,,False,,Failed to get ranked engine ids: No engine configurations available for the graph.
gfx942,cudnn_frontend_attention_inference,dsv4_pro__generation_idx77_b128_hq128_kv1_dqk512_dvo512_sq3_skv131072_causal,0,unknown,engine,skipped,,False,,Failed to get ranked engine ids: No engine configurations available for the graph.
gfx942,cudnn_frontend_attention_inference,dsv4_pro__generation_idx78_b1_hq128_kv1_dqk512_dvo512_sq4_skv131072_causal,0,unknown,engine,skipped,,False,,Failed to get ranked engine ids: No engine configurations available for the graph.
gfx942,cudnn_frontend_attention_inference,dsv4_pro__generation_idx79_b128_hq128_kv1_dqk512_dvo512_sq4_skv131072_causal,0,unknown,engine,skipped,,False,,Failed to get ranked engine ids: No engine configurations available for the graph.
gfx942,cudnn_frontend_attention_inference,gpt_oss_full-tp2__context_chunked_idx200_b1_hq32_kv4_dqk64_dvo64_sq512_skv65536_causal,0,unknown,engine,skipped,,False,,Failed to get ranked engine ids: No engine configurations available for the graph.
gfx942,cudnn_frontend_attention_inference,gpt_oss_full-tp2__context_chunked_idx201_b1_hq32_kv4_dqk64_dvo64_sq512_skv131072_causal,0,unknown,engine,skipped,,False,,Failed to get ranked engine ids: No engine configurations available for the graph.
gfx942,cudnn_frontend_attention_inference,gpt_oss_full-tp2__context_chunked_idx202_b1_hq32_kv4_dqk64_dvo64_sq1024_skv65536_causal,0,unknown,engine,skipped,,False,,Failed to get ranked engine ids: No engine configurations available for the graph.
gfx942,cudnn_frontend_attention_inference,gpt_oss_full-tp2__context_chunked_idx203_b1_hq32_kv4_dqk64_dvo64_sq1024_skv131072_causal,0,unknown,engine,skipped,,False,,Failed to get ranked engine ids: No engine configurations available for the graph.
gfx942,cudnn_frontend_attention_inference,gpt_oss_full-tp2__context_full_idx197_b1_hq32_kv4_dqk64_dvo64_sq2048_skv2048_causal,0,unknown,engine,skipped,,False,,Failed to get ranked engine ids: No engine configurations available for the graph.
gfx942,cudnn_frontend_attention_inference,gpt_oss_full-tp2__context_full_idx198_b1_hq32_kv4_dqk64_dvo64_sq8192_skv8192_causal,0,unknown,engine,skipped,,False,,Failed to get ranked engine ids: No engine configurations available for the graph.
gfx942,cudnn_frontend_attention_inference,gpt_oss_full-tp2__context_full_idx199_b1_hq32_kv4_dqk64_dvo64_sq32768_skv32768_causal,0,unknown,engine,skipped,,False,,Failed to get ranked engine ids: No engine configurations available for the graph.
gfx942,cudnn_frontend_attention_inference,gpt_oss_full-tp2__generation_idx204_b1_hq32_kv4_dqk64_dvo64_sq1_skv131072_causal,0,unknown,engine,skipped,,False,,Failed to get ranked engine ids: No engine configurations available for the graph.
gfx942,cudnn_frontend_attention_inference,gpt_oss_full-tp2__generation_idx205_b128_hq32_kv4_dqk64_dvo64_sq1_skv131072_causal,0,unknown,engine,skipped,,False,,Failed to get ranked engine ids: No engine configurations available for the graph.
gfx942,cudnn_frontend_attention_inference,gpt_oss_full-tp2__generation_idx206_b1_hq32_kv4_dqk64_dvo64_sq2_skv131072_causal,0,unknown,engine,skipped,,False,,Failed to get ranked engine ids: No engine configurations available for the graph.
gfx942,cudnn_frontend_attention_inference,gpt_oss_full-tp2__generation_idx207_b128_hq32_kv4_dqk64_dvo64_sq2_skv131072_causal,0,unknown,engine,skipped,,False,,Failed to get ranked engine ids: No engine configurations available for the graph.
gfx942,cudnn_frontend_attention_inference,gpt_oss_full-tp2__generation_idx208_b1_hq32_kv4_dqk64_dvo64_sq3_skv131072_causal,0,unknown,engine,skipped,,False,,Failed to get ranked engine ids: No engine configurations available for the graph.
gfx942,cudnn_frontend_attention_inference,gpt_oss_full-tp2__generation_idx209_b128_hq32_kv4_dqk64_dvo64_sq3_skv131072_causal,0,unknown,engine,skipped,,False,,Failed to get ranked engine ids: No engine configurations available for the graph.
gfx942,cudnn_frontend_attention_inference,gpt_oss_full-tp2__generation_idx210_b1_hq32_kv4_dqk64_dvo64_sq4_skv131072_causal,0,unknown,engine,skipped,,False,,Failed to get ranked engine ids: No engine configurations available for the graph.
gfx942,cudnn_frontend_attention_inference,gpt_oss_full-tp2__generation_idx211_b128_hq32_kv4_dqk64_dvo64_sq4_skv131072_causal,0,unknown,engine,skipped,,False,,Failed to get ranked engine ids: No engine configurations available for the graph.
gfx942,cudnn_frontend_attention_inference,gpt_oss_full-tp4__context_chunked_idx215_b1_hq16_kv2_dqk64_dvo64_sq512_skv65536_causal,0,unknown,engine,skipped,,False,,Failed to get ranked engine ids: No engine configurations available for the graph.
gfx942,cudnn_frontend_attention_inference,gpt_oss_full-tp4__context_chunked_idx216_b1_hq16_kv2_dqk64_dvo64_sq512_skv131072_causal,0,unknown,engine,skipped,,False,,Failed to get ranked engine ids: No engine configurations available for the graph.
gfx942,cudnn_frontend_attention_inference,gpt_oss_full-tp4__context_chunked_idx217_b1_hq16_kv2_dqk64_dvo64_sq1024_skv65536_causal,0,unknown,engine,skipped,,False,,Failed to get ranked engine ids: No engine configurations available for the graph.
gfx942,cudnn_frontend_attention_inference,gpt_oss_full-tp4__context_chunked_idx218_b1_hq16_kv2_dqk64_dvo64_sq1024_skv131072_causal,0,unknown,engine,skipped,,False,,Failed to get ranked engine ids: No engine configurations available for the graph.
gfx942,cudnn_frontend_attention_inference,gpt_oss_full-tp4__context_full_idx212_b1_hq16_kv2_dqk64_dvo64_sq2048_skv2048_causal,0,unknown,engine,skipped,,False,,Failed to get ranked engine ids: No engine configurations available for the graph.
gfx942,cudnn_frontend_attention_inference,gpt_oss_full-tp4__context_full_idx213_b1_hq16_kv2_dqk64_dvo64_sq8192_skv8192_causal,0,unknown,engine,skipped,,False,,Failed to get ranked engine ids: No engine configurations available for the graph.
gfx942,cudnn_frontend_attention_inference,gpt_oss_full-tp4__context_full_idx214_b1_hq16_kv2_dqk64_dvo64_sq32768_skv32768_causal,0,unknown,engine,skipped,,False,,Failed to get ranked engine ids: No engine configurations available for the graph.
gfx942,cudnn_frontend_attention_inference,gpt_oss_full-tp4__generation_idx219_b1_hq16_kv2_dqk64_dvo64_sq1_skv131072_causal,0,unknown,engine,skipped,,False,,Failed to get ranked engine ids: No engine configurations available for the graph.
gfx942,cudnn_frontend_attention_inference,gpt_oss_full-tp4__generation_idx220_b128_hq16_kv2_dqk64_dvo64_sq1_skv131072_causal,0,unknown,engine,skipped,,False,,Failed to get ranked engine ids: No engine configurations available for the graph.
gfx942,cudnn_frontend_attention_inference,gpt_oss_full-tp4__generation_idx221_b1_hq16_kv2_dqk64_dvo64_sq2_skv131072_causal,0,unknown,engine,skipped,,False,,Failed to get ranked engine ids: No engine configurations available for the graph.
gfx942,cudnn_frontend_attention_inference,gpt_oss_full-tp4__generation_idx222_b128_hq16_kv2_dqk64_dvo64_sq2_skv131072_causal,0,unknown,engine,skipped,,False,,Failed to get ranked engine ids: No engine configurations available for the graph.
gfx942,cudnn_frontend_attention_inference,gpt_oss_full-tp4__generation_idx223_b1_hq16_kv2_dqk64_dvo64_sq3_skv131072_causal,0,unknown,engine,skipped,,False,,Failed to get ranked engine ids: No engine configurations available for the graph.
gfx942,cudnn_frontend_attention_inference,gpt_oss_full-tp4__generation_idx224_b128_hq16_kv2_dqk64_dvo64_sq3_skv131072_causal,0,unknown,engine,skipped,,False,,Failed to get ranked engine ids: No engine configurations available for the graph.
gfx942,cudnn_frontend_attention_inference,gpt_oss_full-tp4__generation_idx225_b1_hq16_kv2_dqk64_dvo64_sq4_skv131072_causal,0,unknown,engine,skipped,,False,,Failed to get ranked engine ids: No engine configurations available for the graph.
gfx942,cudnn_frontend_attention_inference,gpt_oss_full-tp4__generation_idx226_b128_hq16_kv2_dqk64_dvo64_sq4_skv131072_causal,0,unknown,engine,skipped,,False,,Failed to get ranked engine ids: No engine configurations available for the graph.
gfx942,cudnn_frontend_attention_inference,gpt_oss_full-tp8__context_chunked_idx230_b1_hq8_kv1_dqk64_dvo64_sq512_skv65536_causal,0,unknown,engine,skipped,,False,,Failed to get ranked engine ids: No engine configurations available for the graph.
gfx942,cudnn_frontend_attention_inference,gpt_oss_full-tp8__context_chunked_idx231_b1_hq8_kv1_dqk64_dvo64_sq512_skv131072_causal,0,unknown,engine,skipped,,False,,Failed to get ranked engine ids: No engine configurations available for the graph.
gfx942,cudnn_frontend_attention_inference,gpt_oss_full-tp8__context_chunked_idx232_b1_hq8_kv1_dqk64_dvo64_sq1024_skv65536_causal,0,unknown,engine,skipped,,False,,Failed to get ranked engine ids: No engine configurations available for the graph.
gfx942,cudnn_frontend_attention_inference,gpt_oss_full-tp8__context_chunked_idx233_b1_hq8_kv1_dqk64_dvo64_sq1024_skv131072_causal,0,unknown,engine,skipped,,False,,Failed to get ranked engine ids: No engine configurations available for the graph.
gfx942,cudnn_frontend_attention_inference,gpt_oss_full-tp8__context_full_idx227_b1_hq8_kv1_dqk64_dvo64_sq2048_skv2048_causal,0,unknown,engine,skipped,,False,,Failed to get ranked engine ids: No engine configurations available for the graph.
gfx942,cudnn_frontend_attention_inference,gpt_oss_full-tp8__context_full_idx228_b1_hq8_kv1_dqk64_dvo64_sq8192_skv8192_causal,0,unknown,engine,skipped,,False,,Failed to get ranked engine ids: No engine configurations available for the graph.
gfx942,cudnn_frontend_attention_inference,gpt_oss_full-tp8__context_full_idx229_b1_hq8_kv1_dqk64_dvo64_sq32768_skv32768_causal,0,unknown,engine,skipped,,False,,Failed to get ranked engine ids: No engine configurations available for the graph.
gfx942,cudnn_frontend_attention_inference,gpt_oss_full-tp8__generation_idx234_b1_hq8_kv1_dqk64_dvo64_sq1_skv131072_causal,0,unknown,engine,skipped,,False,,Failed to get ranked engine ids: No engine configurations available for the graph.
gfx942,cudnn_frontend_attention_inference,gpt_oss_full-tp8__generation_idx235_b128_hq8_kv1_dqk64_dvo64_sq1_skv131072_causal,0,unknown,engine,skipped,,False,,Failed to get ranked engine ids: No engine configurations available for the graph.
gfx942,cudnn_frontend_attention_inference,gpt_oss_full-tp8__generation_idx236_b1_hq8_kv1_dqk64_dvo64_sq2_skv131072_causal,0,unknown,engine,skipped,,False,,Failed to get ranked engine ids: No engine configurations available for the graph.
gfx942,cudnn_frontend_attention_inference,gpt_oss_full-tp8__generation_idx237_b128_hq8_kv1_dqk64_dvo64_sq2_skv131072_causal,0,unknown,engine,skipped,,False,,Failed to get ranked engine ids: No engine configurations available for the graph.
gfx942,cudnn_frontend_attention_inference,gpt_oss_full-tp8__generation_idx238_b1_hq8_kv1_dqk64_dvo64_sq3_skv131072_causal,0,unknown,engine,skipped,,False,,Failed to get ranked engine ids: No engine configurations available for the graph.
gfx942,cudnn_frontend_attention_inference,gpt_oss_full-tp8__generation_idx239_b128_hq8_kv1_dqk64_dvo64_sq3_skv131072_causal,0,unknown,engine,skipped,,False,,Failed to get ranked engine ids: No engine configurations available for the graph.
gfx942,cudnn_frontend_attention_inference,gpt_oss_full-tp8__generation_idx240_b1_hq8_kv1_dqk64_dvo64_sq4_skv131072_causal,0,unknown,engine,skipped,,False,,Failed to get ranked engine ids: No engine configurations available for the graph.
gfx942,cudnn_frontend_attention_inference,gpt_oss_full-tp8__generation_idx241_b128_hq8_kv1_dqk64_dvo64_sq4_skv131072_causal,0,unknown,engine,skipped,,False,,Failed to get ranked engine ids: No engine configurations available for the graph.
gfx942,cudnn_frontend_attention_inference,gpt_oss_full__context_chunked_idx185_b1_hq64_kv8_dqk64_dvo64_sq512_skv65536_causal,0,unknown,engine,skipped,,False,,Failed to get ranked engine ids: No engine configurations available for the graph.
gfx942,cudnn_frontend_attention_inference,gpt_oss_full__context_chunked_idx186_b1_hq64_kv8_dqk64_dvo64_sq512_skv131072_causal,0,unknown,engine,skipped,,False,,Failed to get ranked engine ids: No engine configurations available for the graph.
gfx942,cudnn_frontend_attention_inference,gpt_oss_full__context_chunked_idx187_b1_hq64_kv8_dqk64_dvo64_sq1024_skv65536_causal,0,unknown,engine,skipped,,False,,Failed to get ranked engine ids: No engine configurations available for the graph.
gfx942,cudnn_frontend_attention_inference,gpt_oss_full__context_chunked_idx188_b1_hq64_kv8_dqk64_dvo64_sq1024_skv131072_causal,0,unknown,engine,skipped,,False,,Failed to get ranked engine ids: No engine configurations available for the graph.
gfx942,cudnn_frontend_attention_inference,gpt_oss_full__context_full_idx182_b1_hq64_kv8_dqk64_dvo64_sq2048_skv2048_causal,0,unknown,engine,skipped,,False,,Failed to get ranked engine ids: No engine configurations available for the graph.
gfx942,cudnn_frontend_attention_inference,gpt_oss_full__context_full_idx183_b1_hq64_kv8_dqk64_dvo64_sq8192_skv8192_causal,0,unknown,engine,skipped,,False,,Failed to get ranked engine ids: No engine configurations available for the graph.
gfx942,cudnn_frontend_attention_inference,gpt_oss_full__context_full_idx184_b1_hq64_kv8_dqk64_dvo64_sq32768_skv32768_causal,0,unknown,engine,skipped,,False,,Failed to get ranked engine ids: No engine configurations available for the graph.
gfx942,cudnn_frontend_attention_inference,gpt_oss_full__generation_idx189_b1_hq64_kv8_dqk64_dvo64_sq1_skv131072_causal,0,unknown,engine,skipped,,False,,Failed to get ranked engine ids: No engine configurations available for the graph.
gfx942,cudnn_frontend_attention_inference,gpt_oss_full__generation_idx190_b128_hq64_kv8_dqk64_dvo64_sq1_skv131072_causal,0,unknown,engine,skipped,,False,,Failed to get ranked engine ids: No engine configurations available for the graph.
gfx942,cudnn_frontend_attention_inference,gpt_oss_full__generation_idx191_b1_hq64_kv8_dqk64_dvo64_sq2_skv131072_causal,0,unknown,engine,skipped,,False,,Failed to get ranked engine ids: No engine configurations available for the graph.
gfx942,cudnn_frontend_attention_inference,gpt_oss_full__generation_idx192_b128_hq64_kv8_dqk64_dvo64_sq2_skv131072_causal,0,unknown,engine,skipped,,False,,Failed to get ranked engine ids: No engine configurations available for the graph.
gfx942,cudnn_frontend_attention_inference,gpt_oss_full__generation_idx193_b1_hq64_kv8_dqk64_dvo64_sq3_skv131072_causal,0,unknown,engine,skipped,,False,,Failed to get ranked engine ids: No engine configurations available for the graph.
gfx942,cudnn_frontend_attention_inference,gpt_oss_full__generation_idx194_b128_hq64_kv8_dqk64_dvo64_sq3_skv131072_causal,0,unknown,engine,skipped,,False,,Failed to get ranked engine ids: No engine configurations available for the graph.
gfx942,cudnn_frontend_attention_inference,gpt_oss_full__generation_idx195_b1_hq64_kv8_dqk64_dvo64_sq4_skv131072_causal,0,unknown,engine,skipped,,False,,Failed to get ranked engine ids: No engine configurations available for the graph.
gfx942,cudnn_frontend_attention_inference,gpt_oss_full__generation_idx196_b128_hq64_kv8_dqk64_dvo64_sq4_skv131072_causal,0,unknown,engine,skipped,,False,,Failed to get ranked engine ids: No engine configurations available for the graph.
gfx942,cudnn_frontend_attention_inference,gpt_oss_swa-tp2__context_chunked_idx140_b1_hq32_kv4_dqk64_dvo64_sq512_skv65536_causal,0,unknown,engine,skipped,,False,,Failed to get ranked engine ids: No engine configurations available for the graph.
gfx942,cudnn_frontend_attention_inference,gpt_oss_swa-tp2__context_chunked_idx141_b1_hq32_kv4_dqk64_dvo64_sq512_skv131072_causal,0,unknown,engine,skipped,,False,,Failed to get ranked engine ids: No engine configurations available for the graph.
gfx942,cudnn_frontend_attention_inference,gpt_oss_swa-tp2__context_chunked_idx142_b1_hq32_kv4_dqk64_dvo64_sq1024_skv65536_causal,0,unknown,engine,skipped,,False,,Failed to get ranked engine ids: No engine configurations available for the graph.
gfx942,cudnn_frontend_attention_inference,gpt_oss_swa-tp2__context_chunked_idx143_b1_hq32_kv4_dqk64_dvo64_sq1024_skv131072_causal,0,unknown,engine,skipped,,False,,Failed to get ranked engine ids: No engine configurations available for the graph.
gfx942,cudnn_frontend_attention_inference,gpt_oss_swa-tp2__context_full_idx137_b1_hq32_kv4_dqk64_dvo64_sq2048_skv2048_causal,0,unknown,engine,skipped,,False,,Failed to get ranked engine ids: No engine configurations available for the graph.
gfx942,cudnn_frontend_attention_inference,gpt_oss_swa-tp2__context_full_idx138_b1_hq32_kv4_dqk64_dvo64_sq8192_skv8192_causal,0,unknown,engine,skipped,,False,,Failed to get ranked engine ids: No engine configurations available for the graph.
gfx942,cudnn_frontend_attention_inference,gpt_oss_swa-tp2__context_full_idx139_b1_hq32_kv4_dqk64_dvo64_sq32768_skv32768_causal,0,unknown,engine,skipped,,False,,Failed to get ranked engine ids: No engine configurations available for the graph.
gfx942,cudnn_frontend_attention_inference,gpt_oss_swa-tp2__generation_idx144_b1_hq32_kv4_dqk64_dvo64_sq1_skv131072_causal,0,unknown,engine,skipped,,False,,Failed to get ranked engine ids: No engine configurations available for the graph.
gfx942,cudnn_frontend_attention_inference,gpt_oss_swa-tp2__generation_idx145_b128_hq32_kv4_dqk64_dvo64_sq1_skv131072_causal,0,unknown,engine,skipped,,False,,Failed to get ranked engine ids: No engine configurations available for the graph.
gfx942,cudnn_frontend_attention_inference,gpt_oss_swa-tp2__generation_idx146_b1_hq32_kv4_dqk64_dvo64_sq2_skv131072_causal,0,unknown,engine,skipped,,False,,Failed to get ranked engine ids: No engine configurations available for the graph.
gfx942,cudnn_frontend_attention_inference,gpt_oss_swa-tp2__generation_idx147_b128_hq32_kv4_dqk64_dvo64_sq2_skv131072_causal,0,unknown,engine,skipped,,False,,Failed to get ranked engine ids: No engine configurations available for the graph.
gfx942,cudnn_frontend_attention_inference,gpt_oss_swa-tp2__generation_idx148_b1_hq32_kv4_dqk64_dvo64_sq3_skv131072_causal,0,unknown,engine,skipped,,False,,Failed to get ranked engine ids: No engine configurations available for the graph.
gfx942,cudnn_frontend_attention_inference,gpt_oss_swa-tp2__generation_idx149_b128_hq32_kv4_dqk64_dvo64_sq3_skv131072_causal,0,unknown,engine,skipped,,False,,Failed to get ranked engine ids: No engine configurations available for the graph.
gfx942,cudnn_frontend_attention_inference,gpt_oss_swa-tp2__generation_idx150_b1_hq32_kv4_dqk64_dvo64_sq4_skv131072_causal,0,unknown,engine,skipped,,False,,Failed to get ranked engine ids: No engine configurations available for the graph.
gfx942,cudnn_frontend_attention_inference,gpt_oss_swa-tp2__generation_idx151_b128_hq32_kv4_dqk64_dvo64_sq4_skv131072_causal,0,unknown,engine,skipped,,False,,Failed to get ranked engine ids: No engine configurations available for the graph.
gfx942,cudnn_frontend_attention_inference,gpt_oss_swa-tp4__context_chunked_idx155_b1_hq16_kv2_dqk64_dvo64_sq512_skv65536_causal,0,unknown,engine,skipped,,False,,Failed to get ranked engine ids: No engine configurations available for the graph.
gfx942,cudnn_frontend_attention_inference,gpt_oss_swa-tp4__context_chunked_idx156_b1_hq16_kv2_dqk64_dvo64_sq512_skv131072_causal,0,unknown,engine,skipped,,False,,Failed to get ranked engine ids: No engine configurations available for the graph.
gfx942,cudnn_frontend_attention_inference,gpt_oss_swa-tp4__context_chunked_idx157_b1_hq16_kv2_dqk64_dvo64_sq1024_skv65536_causal,0,unknown,engine,skipped,,False,,Failed to get ranked engine ids: No engine configurations available for the graph.
gfx942,cudnn_frontend_attention_inference,gpt_oss_swa-tp4__context_chunked_idx158_b1_hq16_kv2_dqk64_dvo64_sq1024_skv131072_causal,0,unknown,engine,skipped,,False,,Failed to get ranked engine ids: No engine configurations available for the graph.
gfx942,cudnn_frontend_attention_inference,gpt_oss_swa-tp4__context_full_idx152_b1_hq16_kv2_dqk64_dvo64_sq2048_skv2048_causal,0,unknown,engine,skipped,,False,,Failed to get ranked engine ids: No engine configurations available for the graph.
gfx942,cudnn_frontend_attention_inference,gpt_oss_swa-tp4__context_full_idx153_b1_hq16_kv2_dqk64_dvo64_sq8192_skv8192_causal,0,unknown,engine,skipped,,False,,Failed to get ranked engine ids: No engine configurations available for the graph.
gfx942,cudnn_frontend_attention_inference,gpt_oss_swa-tp4__context_full_idx154_b1_hq16_kv2_dqk64_dvo64_sq32768_skv32768_causal,0,unknown,engine,skipped,,False,,Failed to get ranked engine ids: No engine configurations available for the graph.
gfx942,cudnn_frontend_attention_inference,gpt_oss_swa-tp4__generation_idx159_b1_hq16_kv2_dqk64_dvo64_sq1_skv131072_causal,0,unknown,engine,skipped,,False,,Failed to get ranked engine ids: No engine configurations available for the graph.
gfx942,cudnn_frontend_attention_inference,gpt_oss_swa-tp4__generation_idx160_b128_hq16_kv2_dqk64_dvo64_sq1_skv131072_causal,0,unknown,engine,skipped,,False,,Failed to get ranked engine ids: No engine configurations available for the graph.
gfx942,cudnn_frontend_attention_inference,gpt_oss_swa-tp4__generation_idx161_b1_hq16_kv2_dqk64_dvo64_sq2_skv131072_causal,0,unknown,engine,skipped,,False,,Failed to get ranked engine ids: No engine configurations available for the graph.
gfx942,cudnn_frontend_attention_inference,gpt_oss_swa-tp4__generation_idx162_b128_hq16_kv2_dqk64_dvo64_sq2_skv131072_causal,0,unknown,engine,skipped,,False,,Failed to get ranked engine ids: No engine configurations available for the graph.
gfx942,cudnn_frontend_attention_inference,gpt_oss_swa-tp4__generation_idx163_b1_hq16_kv2_dqk64_dvo64_sq3_skv131072_causal,0,unknown,engine,skipped,,False,,Failed to get ranked engine ids: No engine configurations available for the graph.
gfx942,cudnn_frontend_attention_inference,gpt_oss_swa-tp4__generation_idx164_b128_hq16_kv2_dqk64_dvo64_sq3_skv131072_causal,0,unknown,engine,skipped,,False,,Failed to get ranked engine ids: No engine configurations available for the graph.
gfx942,cudnn_frontend_attention_inference,gpt_oss_swa-tp4__generation_idx165_b1_hq16_kv2_dqk64_dvo64_sq4_skv131072_causal,0,unknown,engine,skipped,,False,,Failed to get ranked engine ids: No engine configurations available for the graph.
gfx942,cudnn_frontend_attention_inference,gpt_oss_swa-tp4__generation_idx166_b128_hq16_kv2_dqk64_dvo64_sq4_skv131072_causal,0,unknown,engine,skipped,,False,,Failed to get ranked engine ids: No engine configurations available for the graph.
gfx942,cudnn_frontend_attention_inference,gpt_oss_swa-tp8__context_chunked_idx170_b1_hq8_kv1_dqk64_dvo64_sq512_skv65536_causal,0,unknown,engine,skipped,,False,,Failed to get ranked engine ids: No engine configurations available for the graph.
gfx942,cudnn_frontend_attention_inference,gpt_oss_swa-tp8__context_chunked_idx171_b1_hq8_kv1_dqk64_dvo64_sq512_skv131072_causal,0,unknown,engine,skipped,,False,,Failed to get ranked engine ids: No engine configurations available for the graph.
gfx942,cudnn_frontend_attention_inference,gpt_oss_swa-tp8__context_chunked_idx172_b1_hq8_kv1_dqk64_dvo64_sq1024_skv65536_causal,0,unknown,engine,skipped,,False,,Failed to get ranked engine ids: No engine configurations available for the graph.
gfx942,cudnn_frontend_attention_inference,gpt_oss_swa-tp8__context_chunked_idx173_b1_hq8_kv1_dqk64_dvo64_sq1024_skv131072_causal,0,unknown,engine,skipped,,False,,Failed to get ranked engine ids: No engine configurations available for the graph.
gfx942,cudnn_frontend_attention_inference,gpt_oss_swa-tp8__context_full_idx167_b1_hq8_kv1_dqk64_dvo64_sq2048_skv2048_causal,0,unknown,engine,skipped,,False,,Failed to get ranked engine ids: No engine configurations available for the graph.
gfx942,cudnn_frontend_attention_inference,gpt_oss_swa-tp8__context_full_idx168_b1_hq8_kv1_dqk64_dvo64_sq8192_skv8192_causal,0,unknown,engine,skipped,,False,,Failed to get ranked engine ids: No engine configurations available for the graph.
gfx942,cudnn_frontend_attention_inference,gpt_oss_swa-tp8__context_full_idx169_b1_hq8_kv1_dqk64_dvo64_sq32768_skv32768_causal,0,unknown,engine,skipped,,False,,Failed to get ranked engine ids: No engine configurations available for the graph.
gfx942,cudnn_frontend_attention_inference,gpt_oss_swa-tp8__generation_idx174_b1_hq8_kv1_dqk64_dvo64_sq1_skv131072_causal,0,unknown,engine,skipped,,False,,Failed to get ranked engine ids: No engine configurations available for the graph.
gfx942,cudnn_frontend_attention_inference,gpt_oss_swa-tp8__generation_idx175_b128_hq8_kv1_dqk64_dvo64_sq1_skv131072_causal,0,unknown,engine,skipped,,False,,Failed to get ranked engine ids: No engine configurations available for the graph.
gfx942,cudnn_frontend_attention_inference,gpt_oss_swa-tp8__generation_idx176_b1_hq8_kv1_dqk64_dvo64_sq2_skv131072_causal,0,unknown,engine,skipped,,False,,Failed to get ranked engine ids: No engine configurations available for the graph.
gfx942,cudnn_frontend_attention_inference,gpt_oss_swa-tp8__generation_idx177_b128_hq8_kv1_dqk64_dvo64_sq2_skv131072_causal,0,unknown,engine,skipped,,False,,Failed to get ranked engine ids: No engine configurations available for the graph.
gfx942,cudnn_frontend_attention_inference,gpt_oss_swa-tp8__generation_idx178_b1_hq8_kv1_dqk64_dvo64_sq3_skv131072_causal,0,unknown,engine,skipped,,False,,Failed to get ranked engine ids: No engine configurations available for the graph.
gfx942,cudnn_frontend_attention_inference,gpt_oss_swa-tp8__generation_idx179_b128_hq8_kv1_dqk64_dvo64_sq3_skv131072_causal,0,unknown,engine,skipped,,False,,Failed to get ranked engine ids: No engine configurations available for the graph.
gfx942,cudnn_frontend_attention_inference,gpt_oss_swa-tp8__generation_idx180_b1_hq8_kv1_dqk64_dvo64_sq4_skv131072_causal,0,unknown,engine,skipped,,False,,Failed to get ranked engine ids: No engine configurations available for the graph.
gfx942,cudnn_frontend_attention_inference,gpt_oss_swa-tp8__generation_idx181_b128_hq8_kv1_dqk64_dvo64_sq4_skv131072_causal,0,unknown,engine,skipped,,False,,Failed to get ranked engine ids: No engine configurations available for the graph.
gfx942,cudnn_frontend_attention_inference,gpt_oss_swa__context_chunked_idx125_b1_hq64_kv8_dqk64_dvo64_sq512_skv65536_causal,0,unknown,engine,skipped,,False,,Failed to get ranked engine ids: No engine configurations available for the graph.
gfx942,cudnn_frontend_attention_inference,gpt_oss_swa__context_chunked_idx126_b1_hq64_kv8_dqk64_dvo64_sq512_skv131072_causal,0,unknown,engine,skipped,,False,,Failed to get ranked engine ids: No engine configurations available for the graph.
gfx942,cudnn_frontend_attention_inference,gpt_oss_swa__context_chunked_idx127_b1_hq64_kv8_dqk64_dvo64_sq1024_skv65536_causal,0,unknown,engine,skipped,,False,,Failed to get ranked engine ids: No engine configurations available for the graph.
gfx942,cudnn_frontend_attention_inference,gpt_oss_swa__context_chunked_idx128_b1_hq64_kv8_dqk64_dvo64_sq1024_skv131072_causal,0,unknown,engine,skipped,,False,,Failed to get ranked engine ids: No engine configurations available for the graph.
gfx942,cudnn_frontend_attention_inference,gpt_oss_swa__context_full_idx122_b1_hq64_kv8_dqk64_dvo64_sq2048_skv2048_causal,0,unknown,engine,skipped,,False,,Failed to get ranked engine ids: No engine configurations available for the graph.
gfx942,cudnn_frontend_attention_inference,gpt_oss_swa__context_full_idx123_b1_hq64_kv8_dqk64_dvo64_sq8192_skv8192_causal,0,unknown,engine,skipped,,False,,Failed to get ranked engine ids: No engine configurations available for the graph.
gfx942,cudnn_frontend_attention_inference,gpt_oss_swa__context_full_idx124_b1_hq64_kv8_dqk64_dvo64_sq32768_skv32768_causal,0,unknown,engine,skipped,,False,,Failed to get ranked engine ids: No engine configurations available for the graph.
gfx942,cudnn_frontend_attention_inference,gpt_oss_swa__generation_idx129_b1_hq64_kv8_dqk64_dvo64_sq1_skv131072_causal,0,unknown,engine,skipped,,False,,Failed to get ranked engine ids: No engine configurations available for the graph.
gfx942,cudnn_frontend_attention_inference,gpt_oss_swa__generation_idx130_b128_hq64_kv8_dqk64_dvo64_sq1_skv131072_causal,0,unknown,engine,skipped,,False,,Failed to get ranked engine ids: No engine configurations available for the graph.
gfx942,cudnn_frontend_attention_inference,gpt_oss_swa__generation_idx131_b1_hq64_kv8_dqk64_dvo64_sq2_skv131072_causal,0,unknown,engine,skipped,,False,,Failed to get ranked engine ids: No engine configurations available for the graph.
gfx942,cudnn_frontend_attention_inference,gpt_oss_swa__generation_idx132_b128_hq64_kv8_dqk64_dvo64_sq2_skv131072_causal,0,unknown,engine,skipped,,False,,Failed to get ranked engine ids: No engine configurations available for the graph.
gfx942,cudnn_frontend_attention_inference,gpt_oss_swa__generation_idx133_b1_hq64_kv8_dqk64_dvo64_sq3_skv131072_causal,0,unknown,engine,skipped,,False,,Failed to get ranked engine ids: No engine configurations available for the graph.
gfx942,cudnn_frontend_attention_inference,gpt_oss_swa__generation_idx134_b128_hq64_kv8_dqk64_dvo64_sq3_skv131072_causal,0,unknown,engine,skipped,,False,,Failed to get ranked engine ids: No engine configurations available for the graph.
gfx942,cudnn_frontend_attention_inference,gpt_oss_swa__generation_idx135_b1_hq64_kv8_dqk64_dvo64_sq4_skv131072_causal,0,unknown,engine,skipped,,False,,Failed to get ranked engine ids: No engine configurations available for the graph.
gfx942,cudnn_frontend_attention_inference,gpt_oss_swa__generation_idx136_b128_hq64_kv8_dqk64_dvo64_sq4_skv131072_causal,0,unknown,engine,skipped,,False,,Failed to get ranked engine ids: No engine configurations available for the graph.
gfx942,cudnn_frontend_attention_inference,kimi_k3-tp2__context_chunked_idx260_b1_hq48_kv1_dqk576_dvo512_sq512_skv65536_causal,0,unknown,engine,skipped,,False,,Failed to get ranked engine ids: No engine configurations available for the graph.
gfx942,cudnn_frontend_attention_inference,kimi_k3-tp2__context_chunked_idx261_b1_hq48_kv1_dqk576_dvo512_sq512_skv131072_causal,0,unknown,engine,skipped,,False,,Failed to get ranked engine ids: No engine configurations available for the graph.
gfx942,cudnn_frontend_attention_inference,kimi_k3-tp2__context_chunked_idx262_b1_hq48_kv1_dqk576_dvo512_sq1024_skv65536_causal,0,unknown,engine,skipped,,False,,Failed to get ranked engine ids: No engine configurations available for the graph.
gfx942,cudnn_frontend_attention_inference,kimi_k3-tp2__context_chunked_idx263_b1_hq48_kv1_dqk576_dvo512_sq1024_skv131072_causal,0,unknown,engine,skipped,,False,,Failed to get ranked engine ids: No engine configurations available for the graph.
gfx942,cudnn_frontend_attention_inference,kimi_k3-tp2__context_full_idx257_b1_hq48_kv1_dqk576_dvo512_sq2048_skv2048_causal,0,unknown,engine,skipped,,False,,Failed to get ranked engine ids: No engine configurations available for the graph.
gfx942,cudnn_frontend_attention_inference,kimi_k3-tp2__context_full_idx258_b1_hq48_kv1_dqk576_dvo512_sq8192_skv8192_causal,0,unknown,engine,skipped,,False,,Failed to get ranked engine ids: No engine configurations available for the graph.
gfx942,cudnn_frontend_attention_inference,kimi_k3-tp2__context_full_idx259_b1_hq48_kv1_dqk576_dvo512_sq32768_skv32768_causal,0,unknown,engine,skipped,,False,,Failed to get ranked engine ids: No engine configurations available for the graph.
gfx942,cudnn_frontend_attention_inference,kimi_k3-tp2__generation_idx264_b1_hq48_kv1_dqk576_dvo512_sq1_skv131072_causal,0,unknown,engine,skipped,,False,,Failed to get ranked engine ids: No engine configurations available for the graph.
gfx942,cudnn_frontend_attention_inference,kimi_k3-tp2__generation_idx265_b128_hq48_kv1_dqk576_dvo512_sq1_skv131072_causal,0,unknown,engine,skipped,,False,,Failed to get ranked engine ids: No engine configurations available for the graph.
gfx942,cudnn_frontend_attention_inference,kimi_k3-tp2__generation_idx266_b1_hq48_kv1_dqk576_dvo512_sq2_skv131072_causal,0,unknown,engine,skipped,,False,,Failed to get ranked engine ids: No engine configurations available for the graph.
gfx942,cudnn_frontend_attention_inference,kimi_k3-tp2__generation_idx267_b128_hq48_kv1_dqk576_dvo512_sq2_skv131072_causal,0,unknown,engine,skipped,,False,,Failed to get ranked engine ids: No engine configurations available for the graph.
gfx942,cudnn_frontend_attention_inference,kimi_k3-tp2__generation_idx268_b1_hq48_kv1_dqk576_dvo512_sq3_skv131072_causal,0,unknown,engine,skipped,,False,,Failed to get ranked engine ids: No engine configurations available for the graph.
gfx942,cudnn_frontend_attention_inference,kimi_k3-tp2__generation_idx269_b128_hq48_kv1_dqk576_dvo512_sq3_skv131072_causal,0,unknown,engine,skipped,,False,,Failed to get ranked engine ids: No engine configurations available for the graph.
gfx942,cudnn_frontend_attention_inference,kimi_k3-tp2__generation_idx270_b1_hq48_kv1_dqk576_dvo512_sq4_skv131072_causal,0,unknown,engine,skipped,,False,,Failed to get ranked engine ids: No engine configurations available for the graph.
gfx942,cudnn_frontend_attention_inference,kimi_k3-tp2__generation_idx271_b128_hq48_kv1_dqk576_dvo512_sq4_skv131072_causal,0,unknown,engine,skipped,,False,,Failed to get ranked engine ids: No engine configurations available for the graph.
gfx942,cudnn_frontend_attention_inference,kimi_k3-tp4__context_chunked_idx275_b1_hq24_kv1_dqk576_dvo512_sq512_skv65536_causal,0,unknown,engine,skipped,,False,,Failed to get ranked engine ids: No engine configurations available for the graph.
gfx942,cudnn_frontend_attention_inference,kimi_k3-tp4__context_chunked_idx276_b1_hq24_kv1_dqk576_dvo512_sq512_skv131072_causal,0,unknown,engine,skipped,,False,,Failed to get ranked engine ids: No engine configurations available for the graph.
gfx942,cudnn_frontend_attention_inference,kimi_k3-tp4__context_chunked_idx277_b1_hq24_kv1_dqk576_dvo512_sq1024_skv65536_causal,0,unknown,engine,skipped,,False,,Failed to get ranked engine ids: No engine configurations available for the graph.
gfx942,cudnn_frontend_attention_inference,kimi_k3-tp4__context_chunked_idx278_b1_hq24_kv1_dqk576_dvo512_sq1024_skv131072_causal,0,unknown,engine,skipped,,False,,Failed to get ranked engine ids: No engine configurations available for the graph.
gfx942,cudnn_frontend_attention_inference,kimi_k3-tp4__context_full_idx272_b1_hq24_kv1_dqk576_dvo512_sq2048_skv2048_causal,0,unknown,engine,skipped,,False,,Failed to get ranked engine ids: No engine configurations available for the graph.
gfx942,cudnn_frontend_attention_inference,kimi_k3-tp4__context_full_idx273_b1_hq24_kv1_dqk576_dvo512_sq8192_skv8192_causal,0,unknown,engine,skipped,,False,,Failed to get ranked engine ids: No engine configurations available for the graph.
gfx942,cudnn_frontend_attention_inference,kimi_k3-tp4__context_full_idx274_b1_hq24_kv1_dqk576_dvo512_sq32768_skv32768_causal,0,unknown,engine,skipped,,False,,Failed to get ranked engine ids: No engine configurations available for the graph.
gfx942,cudnn_frontend_attention_inference,kimi_k3-tp4__generation_idx279_b1_hq24_kv1_dqk576_dvo512_sq1_skv131072_causal,0,unknown,engine,skipped,,False,,Failed to get ranked engine ids: No engine configurations available for the graph.
gfx942,cudnn_frontend_attention_inference,kimi_k3-tp4__generation_idx280_b128_hq24_kv1_dqk576_dvo512_sq1_skv131072_causal,0,unknown,engine,skipped,,False,,Failed to get ranked engine ids: No engine configurations available for the graph.
gfx942,cudnn_frontend_attention_inference,kimi_k3-tp4__generation_idx281_b1_hq24_kv1_dqk576_dvo512_sq2_skv131072_causal,0,unknown,engine,skipped,,False,,Failed to get ranked engine ids: No engine configurations available for the graph.
gfx942,cudnn_frontend_attention_inference,kimi_k3-tp4__generation_idx282_b128_hq24_kv1_dqk576_dvo512_sq2_skv131072_causal,0,unknown,engine,skipped,,False,,Failed to get ranked engine ids: No engine configurations available for the graph.
gfx942,cudnn_frontend_attention_inference,kimi_k3-tp4__generation_idx283_b1_hq24_kv1_dqk576_dvo512_sq3_skv131072_causal,0,unknown,engine,skipped,,False,,Failed to get ranked engine ids: No engine configurations available for the graph.
gfx942,cudnn_frontend_attention_inference,kimi_k3-tp4__generation_idx284_b128_hq24_kv1_dqk576_dvo512_sq3_skv131072_causal,0,unknown,engine,skipped,,False,,Failed to get ranked engine ids: No engine configurations available for the graph.
gfx942,cudnn_frontend_attention_inference,kimi_k3-tp4__generation_idx285_b1_hq24_kv1_dqk576_dvo512_sq4_skv131072_causal,0,unknown,engine,skipped,,False,,Failed to get ranked engine ids: No engine configurations available for the graph.
gfx942,cudnn_frontend_attention_inference,kimi_k3-tp4__generation_idx286_b128_hq24_kv1_dqk576_dvo512_sq4_skv131072_causal,0,unknown,engine,skipped,,False,,Failed to get ranked engine ids: No engine configurations available for the graph.
gfx942,cudnn_frontend_attention_inference,kimi_k3-tp8__context_chunked_idx290_b1_hq12_kv1_dqk576_dvo512_sq512_skv65536_causal,0,unknown,engine,skipped,,False,,Failed to get ranked engine ids: No engine configurations available for the graph.
gfx942,cudnn_frontend_attention_inference,kimi_k3-tp8__context_chunked_idx291_b1_hq12_kv1_dqk576_dvo512_sq512_skv131072_causal,0,unknown,engine,skipped,,False,,Failed to get ranked engine ids: No engine configurations available for the graph.
gfx942,cudnn_frontend_attention_inference,kimi_k3-tp8__context_chunked_idx292_b1_hq12_kv1_dqk576_dvo512_sq1024_skv65536_causal,0,unknown,engine,skipped,,False,,Failed to get ranked engine ids: No engine configurations available for the graph.
gfx942,cudnn_frontend_attention_inference,kimi_k3-tp8__context_chunked_idx293_b1_hq12_kv1_dqk576_dvo512_sq1024_skv131072_causal,0,unknown,engine,skipped,,False,,Failed to get ranked engine ids: No engine configurations available for the graph.
gfx942,cudnn_frontend_attention_inference,kimi_k3-tp8__context_full_idx287_b1_hq12_kv1_dqk576_dvo512_sq2048_skv2048_causal,0,unknown,engine,skipped,,False,,Failed to get ranked engine ids: No engine configurations available for the graph.
gfx942,cudnn_frontend_attention_inference,kimi_k3-tp8__context_full_idx288_b1_hq12_kv1_dqk576_dvo512_sq8192_skv8192_causal,0,unknown,engine,skipped,,False,,Failed to get ranked engine ids: No engine configurations available for the graph.
gfx942,cudnn_frontend_attention_inference,kimi_k3-tp8__context_full_idx289_b1_hq12_kv1_dqk576_dvo512_sq32768_skv32768_causal,0,unknown,engine,skipped,,False,,Failed to get ranked engine ids: No engine configurations available for the graph.
gfx942,cudnn_frontend_attention_inference,kimi_k3-tp8__generation_idx294_b1_hq12_kv1_dqk576_dvo512_sq1_skv131072_causal,0,unknown,engine,skipped,,False,,Failed to get ranked engine ids: No engine configurations available for the graph.
gfx942,cudnn_frontend_attention_inference,kimi_k3-tp8__generation_idx295_b128_hq12_kv1_dqk576_dvo512_sq1_skv131072_causal,0,unknown,engine,skipped,,False,,Failed to get ranked engine ids: No engine configurations available for the graph.
gfx942,cudnn_frontend_attention_inference,kimi_k3-tp8__generation_idx296_b1_hq12_kv1_dqk576_dvo512_sq2_skv131072_causal,0,unknown,engine,skipped,,False,,Failed to get ranked engine ids: No engine configurations available for the graph.
gfx942,cudnn_frontend_attention_inference,kimi_k3-tp8__generation_idx297_b128_hq12_kv1_dqk576_dvo512_sq2_skv131072_causal,0,unknown,engine,skipped,,False,,Failed to get ranked engine ids: No engine configurations available for the graph.
gfx942,cudnn_frontend_attention_inference,kimi_k3-tp8__generation_idx298_b1_hq12_kv1_dqk576_dvo512_sq3_skv131072_causal,0,unknown,engine,skipped,,False,,Failed to get ranked engine ids: No engine configurations available for the graph.
gfx942,cudnn_frontend_attention_inference,kimi_k3-tp8__generation_idx299_b128_hq12_kv1_dqk576_dvo512_sq3_skv131072_causal,0,unknown,engine,skipped,,False,,Failed to get ranked engine ids: No engine configurations available for the graph.
gfx942,cudnn_frontend_attention_inference,kimi_k3-tp8__generation_idx300_b1_hq12_kv1_dqk576_dvo512_sq4_skv131072_causal,0,unknown,engine,skipped,,False,,Failed to get ranked engine ids: No engine configurations available for the graph.
gfx942,cudnn_frontend_attention_inference,kimi_k3-tp8__generation_idx301_b128_hq12_kv1_dqk576_dvo512_sq4_skv131072_causal,0,unknown,engine,skipped,,False,,Failed to get ranked engine ids: No engine configurations available for the graph.
gfx942,cudnn_frontend_attention_inference,kimi_k3__context_chunked_idx245_b1_hq96_kv1_dqk576_dvo512_sq512_skv65536_causal,0,unknown,engine,skipped,,False,,Failed to get ranked engine ids: No engine configurations available for the graph.
gfx942,cudnn_frontend_attention_inference,kimi_k3__context_chunked_idx246_b1_hq96_kv1_dqk576_dvo512_sq512_skv131072_causal,0,unknown,engine,skipped,,False,,Failed to get ranked engine ids: No engine configurations available for the graph.
gfx942,cudnn_frontend_attention_inference,kimi_k3__context_chunked_idx247_b1_hq96_kv1_dqk576_dvo512_sq1024_skv65536_causal,0,unknown,engine,skipped,,False,,Failed to get ranked engine ids: No engine configurations available for the graph.
gfx942,cudnn_frontend_attention_inference,kimi_k3__context_chunked_idx248_b1_hq96_kv1_dqk576_dvo512_sq1024_skv131072_causal,0,unknown,engine,skipped,,False,,Failed to get ranked engine ids: No engine configurations available for the graph.
gfx942,cudnn_frontend_attention_inference,kimi_k3__context_full_idx242_b1_hq96_kv1_dqk576_dvo512_sq2048_skv2048_causal,0,unknown,engine,skipped,,False,,Failed to get ranked engine ids: No engine configurations available for the graph.
gfx942,cudnn_frontend_attention_inference,kimi_k3__context_full_idx243_b1_hq96_kv1_dqk576_dvo512_sq8192_skv8192_causal,0,unknown,engine,skipped,,False,,Failed to get ranked engine ids: No engine configurations available for the graph.
gfx942,cudnn_frontend_attention_inference,kimi_k3__context_full_idx244_b1_hq96_kv1_dqk576_dvo512_sq32768_skv32768_causal,0,unknown,engine,skipped,,False,,Failed to get ranked engine ids: No engine configurations available for the graph.
gfx942,cudnn_frontend_attention_inference,kimi_k3__generation_idx249_b1_hq96_kv1_dqk576_dvo512_sq1_skv131072_causal,0,unknown,engine,skipped,,False,,Failed to get ranked engine ids: No engine configurations available for the graph.
gfx942,cudnn_frontend_attention_inference,kimi_k3__generation_idx250_b128_hq96_kv1_dqk576_dvo512_sq1_skv131072_causal,0,unknown,engine,skipped,,False,,Failed to get ranked engine ids: No engine configurations available for the graph.
gfx942,cudnn_frontend_attention_inference,kimi_k3__generation_idx251_b1_hq96_kv1_dqk576_dvo512_sq2_skv131072_causal,0,unknown,engine,skipped,,False,,Failed to get ranked engine ids: No engine configurations available for the graph.
gfx942,cudnn_frontend_attention_inference,kimi_k3__generation_idx252_b128_hq96_kv1_dqk576_dvo512_sq2_skv131072_causal,0,unknown,engine,skipped,,False,,Failed to get ranked engine ids: No engine configurations available for the graph.
gfx942,cudnn_frontend_attention_inference,kimi_k3__generation_idx253_b1_hq96_kv1_dqk576_dvo512_sq3_skv131072_causal,0,unknown,engine,skipped,,False,,Failed to get ranked engine ids: No engine configurations available for the graph.
gfx942,cudnn_frontend_attention_inference,kimi_k3__generation_idx254_b128_hq96_kv1_dqk576_dvo512_sq3_skv131072_causal,0,unknown,engine,skipped,,False,,Failed to get ranked engine ids: No engine configurations available for the graph.
gfx942,cudnn_frontend_attention_inference,kimi_k3__generation_idx255_b1_hq96_kv1_dqk576_dvo512_sq4_skv131072_causal,0,unknown,engine,skipped,,False,,Failed to get ranked engine ids: No engine configurations available for the graph.
gfx942,cudnn_frontend_attention_inference,kimi_k3__generation_idx256_b128_hq96_kv1_dqk576_dvo512_sq4_skv131072_causal,0,unknown,engine,skipped,,False,,Failed to get ranked engine ids: No engine configurations available for the graph.
gfx942,cudnn_frontend_attention_inference,llama3.1-tp2__context_chunked_idx320_b1_hq32_kv4_dqk128_dvo128_sq512_skv65536_causal,0,unknown,engine,skipped,,False,,Failed to get ranked engine ids: No engine configurations available for the graph.
gfx942,cudnn_frontend_attention_inference,llama3.1-tp2__context_chunked_idx321_b1_hq32_kv4_dqk128_dvo128_sq512_skv131072_causal,0,unknown,engine,skipped,,False,,Failed to get ranked engine ids: No engine configurations available for the graph.
gfx942,cudnn_frontend_attention_inference,llama3.1-tp2__context_chunked_idx322_b1_hq32_kv4_dqk128_dvo128_sq1024_skv65536_causal,0,unknown,engine,skipped,,False,,Failed to get ranked engine ids: No engine configurations available for the graph.
gfx942,cudnn_frontend_attention_inference,llama3.1-tp2__context_chunked_idx323_b1_hq32_kv4_dqk128_dvo128_sq1024_skv131072_causal,0,unknown,engine,skipped,,False,,Failed to get ranked engine ids: No engine configurations available for the graph.
gfx942,cudnn_frontend_attention_inference,llama3.1-tp2__context_full_idx317_b1_hq32_kv4_dqk128_dvo128_sq2048_skv2048_causal,0,unknown,engine,skipped,,False,,Failed to get ranked engine ids: No engine configurations available for the graph.
gfx942,cudnn_frontend_attention_inference,llama3.1-tp2__context_full_idx318_b1_hq32_kv4_dqk128_dvo128_sq8192_skv8192_causal,0,unknown,engine,skipped,,False,,Failed to get ranked engine ids: No engine configurations available for the graph.
gfx942,cudnn_frontend_attention_inference,llama3.1-tp2__context_full_idx319_b1_hq32_kv4_dqk128_dvo128_sq32768_skv32768_causal,0,unknown,engine,skipped,,False,,Failed to get ranked engine ids: No engine configurations available for the graph.
gfx942,cudnn_frontend_attention_inference,llama3.1-tp2__generation_idx324_b1_hq32_kv4_dqk128_dvo128_sq1_skv131072_causal,0,unknown,engine,skipped,,False,,Failed to get ranked engine ids: No engine configurations available for the graph.
gfx942,cudnn_frontend_attention_inference,llama3.1-tp2__generation_idx325_b128_hq32_kv4_dqk128_dvo128_sq1_skv131072_causal,0,unknown,engine,skipped,,False,,Failed to get ranked engine ids: No engine configurations available for the graph.
gfx942,cudnn_frontend_attention_inference,llama3.1-tp2__generation_idx326_b1_hq32_kv4_dqk128_dvo128_sq2_skv131072_causal,0,unknown,engine,skipped,,False,,Failed to get ranked engine ids: No engine configurations available for the graph.
gfx942,cudnn_frontend_attention_inference,llama3.1-tp2__generation_idx327_b128_hq32_kv4_dqk128_dvo128_sq2_skv131072_causal,0,unknown,engine,skipped,,False,,Failed to get ranked engine ids: No engine configurations available for the graph.
gfx942,cudnn_frontend_attention_inference,llama3.1-tp2__generation_idx328_b1_hq32_kv4_dqk128_dvo128_sq3_skv131072_causal,0,unknown,engine,skipped,,False,,Failed to get ranked engine ids: No engine configurations available for the graph.
gfx942,cudnn_frontend_attention_inference,llama3.1-tp2__generation_idx329_b128_hq32_kv4_dqk128_dvo128_sq3_skv131072_causal,0,unknown,engine,skipped,,False,,Failed to get ranked engine ids: No engine configurations available for the graph.
gfx942,cudnn_frontend_attention_inference,llama3.1-tp2__generation_idx330_b1_hq32_kv4_dqk128_dvo128_sq4_skv131072_causal,0,unknown,engine,skipped,,False,,Failed to get ranked engine ids: No engine configurations available for the graph.
gfx942,cudnn_frontend_attention_inference,llama3.1-tp2__generation_idx331_b128_hq32_kv4_dqk128_dvo128_sq4_skv131072_causal,0,unknown,engine,skipped,,False,,Failed to get ranked engine ids: No engine configurations available for the graph.
gfx942,cudnn_frontend_attention_inference,llama3.1-tp4__context_chunked_idx335_b1_hq16_kv2_dqk128_dvo128_sq512_skv65536_causal,0,unknown,engine,skipped,,False,,Failed to get ranked engine ids: No engine configurations available for the graph.
gfx942,cudnn_frontend_attention_inference,llama3.1-tp4__context_chunked_idx336_b1_hq16_kv2_dqk128_dvo128_sq512_skv131072_causal,0,unknown,engine,skipped,,False,,Failed to get ranked engine ids: No engine configurations available for the graph.
gfx942,cudnn_frontend_attention_inference,llama3.1-tp4__context_chunked_idx337_b1_hq16_kv2_dqk128_dvo128_sq1024_skv65536_causal,0,unknown,engine,skipped,,False,,Failed to get ranked engine ids: No engine configurations available for the graph.
gfx942,cudnn_frontend_attention_inference,llama3.1-tp4__context_chunked_idx338_b1_hq16_kv2_dqk128_dvo128_sq1024_skv131072_causal,0,unknown,engine,skipped,,False,,Failed to get ranked engine ids: No engine configurations available for the graph.
gfx942,cudnn_frontend_attention_inference,llama3.1-tp4__context_full_idx332_b1_hq16_kv2_dqk128_dvo128_sq2048_skv2048_causal,0,unknown,engine,skipped,,False,,Failed to get ranked engine ids: No engine configurations available for the graph.
gfx942,cudnn_frontend_attention_inference,llama3.1-tp4__context_full_idx333_b1_hq16_kv2_dqk128_dvo128_sq8192_skv8192_causal,0,unknown,engine,skipped,,False,,Failed to get ranked engine ids: No engine configurations available for the graph.
gfx942,cudnn_frontend_attention_inference,llama3.1-tp4__context_full_idx334_b1_hq16_kv2_dqk128_dvo128_sq32768_skv32768_causal,0,unknown,engine,skipped,,False,,Failed to get ranked engine ids: No engine configurations available for the graph.
gfx942,cudnn_frontend_attention_inference,llama3.1-tp4__generation_idx339_b1_hq16_kv2_dqk128_dvo128_sq1_skv131072_causal,0,unknown,engine,skipped,,False,,Failed to get ranked engine ids: No engine configurations available for the graph.
gfx942,cudnn_frontend_attention_inference,llama3.1-tp4__generation_idx340_b128_hq16_kv2_dqk128_dvo128_sq1_skv131072_causal,0,unknown,engine,skipped,,False,,Failed to get ranked engine ids: No engine configurations available for the graph.
gfx942,cudnn_frontend_attention_inference,llama3.1-tp4__generation_idx341_b1_hq16_kv2_dqk128_dvo128_sq2_skv131072_causal,0,unknown,engine,skipped,,False,,Failed to get ranked engine ids: No engine configurations available for the graph.
gfx942,cudnn_frontend_attention_inference,llama3.1-tp4__generation_idx342_b128_hq16_kv2_dqk128_dvo128_sq2_skv131072_causal,0,unknown,engine,skipped,,False,,Failed to get ranked engine ids: No engine configurations available for the graph.
gfx942,cudnn_frontend_attention_inference,llama3.1-tp4__generation_idx343_b1_hq16_kv2_dqk128_dvo128_sq3_skv131072_causal,0,unknown,engine,skipped,,False,,Failed to get ranked engine ids: No engine configurations available for the graph.
gfx942,cudnn_frontend_attention_inference,llama3.1-tp4__generation_idx344_b128_hq16_kv2_dqk128_dvo128_sq3_skv131072_causal,0,unknown,engine,skipped,,False,,Failed to get ranked engine ids: No engine configurations available for the graph.
gfx942,cudnn_frontend_attention_inference,llama3.1-tp4__generation_idx345_b1_hq16_kv2_dqk128_dvo128_sq4_skv131072_causal,0,unknown,engine,skipped,,False,,Failed to get ranked engine ids: No engine configurations available for the graph.
gfx942,cudnn_frontend_attention_inference,llama3.1-tp4__generation_idx346_b128_hq16_kv2_dqk128_dvo128_sq4_skv131072_causal,0,unknown,engine,skipped,,False,,Failed to get ranked engine ids: No engine configurations available for the graph.
gfx942,cudnn_frontend_attention_inference,llama3.1-tp8__context_chunked_idx350_b1_hq8_kv1_dqk128_dvo128_sq512_skv65536_causal,0,unknown,engine,skipped,,False,,Failed to get ranked engine ids: No engine configurations available for the graph.
gfx942,cudnn_frontend_attention_inference,llama3.1-tp8__context_chunked_idx351_b1_hq8_kv1_dqk128_dvo128_sq512_skv131072_causal,0,unknown,engine,skipped,,False,,Failed to get ranked engine ids: No engine configurations available for the graph.
gfx942,cudnn_frontend_attention_inference,llama3.1-tp8__context_chunked_idx352_b1_hq8_kv1_dqk128_dvo128_sq1024_skv65536_causal,0,unknown,engine,skipped,,False,,Failed to get ranked engine ids: No engine configurations available for the graph.
gfx942,cudnn_frontend_attention_inference,llama3.1-tp8__context_chunked_idx353_b1_hq8_kv1_dqk128_dvo128_sq1024_skv131072_causal,0,unknown,engine,skipped,,False,,Failed to get ranked engine ids: No engine configurations available for the graph.
gfx942,cudnn_frontend_attention_inference,llama3.1-tp8__context_full_idx347_b1_hq8_kv1_dqk128_dvo128_sq2048_skv2048_causal,0,unknown,engine,skipped,,False,,Failed to get ranked engine ids: No engine configurations available for the graph.
gfx942,cudnn_frontend_attention_inference,llama3.1-tp8__context_full_idx348_b1_hq8_kv1_dqk128_dvo128_sq8192_skv8192_causal,0,unknown,engine,skipped,,False,,Failed to get ranked engine ids: No engine configurations available for the graph.
gfx942,cudnn_frontend_attention_inference,llama3.1-tp8__context_full_idx349_b1_hq8_kv1_dqk128_dvo128_sq32768_skv32768_causal,0,unknown,engine,skipped,,False,,Failed to get ranked engine ids: No engine configurations available for the graph.
gfx942,cudnn_frontend_attention_inference,llama3.1-tp8__generation_idx354_b1_hq8_kv1_dqk128_dvo128_sq1_skv131072_causal,0,unknown,engine,skipped,,False,,Failed to get ranked engine ids: No engine configurations available for the graph.
gfx942,cudnn_frontend_attention_inference,llama3.1-tp8__generation_idx355_b128_hq8_kv1_dqk128_dvo128_sq1_skv131072_causal,0,unknown,engine,skipped,,False,,Failed to get ranked engine ids: No engine configurations available for the graph.
gfx942,cudnn_frontend_attention_inference,llama3.1-tp8__generation_idx356_b1_hq8_kv1_dqk128_dvo128_sq2_skv131072_causal,0,unknown,engine,skipped,,False,,Failed to get ranked engine ids: No engine configurations available for the graph.
gfx942,cudnn_frontend_attention_inference,llama3.1-tp8__generation_idx357_b128_hq8_kv1_dqk128_dvo128_sq2_skv131072_causal,0,unknown,engine,skipped,,False,,Failed to get ranked engine ids: No engine configurations available for the graph.
gfx942,cudnn_frontend_attention_inference,llama3.1-tp8__generation_idx358_b1_hq8_kv1_dqk128_dvo128_sq3_skv131072_causal,0,unknown,engine,skipped,,False,,Failed to get ranked engine ids: No engine configurations available for the graph.
gfx942,cudnn_frontend_attention_inference,llama3.1-tp8__generation_idx359_b128_hq8_kv1_dqk128_dvo128_sq3_skv131072_causal,0,unknown,engine,skipped,,False,,Failed to get ranked engine ids: No engine configurations available for the graph.
gfx942,cudnn_frontend_attention_inference,llama3.1-tp8__generation_idx360_b1_hq8_kv1_dqk128_dvo128_sq4_skv131072_causal,0,unknown,engine,skipped,,False,,Failed to get ranked engine ids: No engine configurations available for the graph.
gfx942,cudnn_frontend_attention_inference,llama3.1-tp8__generation_idx361_b128_hq8_kv1_dqk128_dvo128_sq4_skv131072_causal,0,unknown,engine,skipped,,False,,Failed to get ranked engine ids: No engine configurations available for the graph.
gfx942,cudnn_frontend_attention_inference,llama3.1__context_chunked_idx305_b1_hq64_kv8_dqk128_dvo128_sq512_skv65536_causal,0,unknown,engine,skipped,,False,,Failed to get ranked engine ids: No engine configurations available for the graph.
gfx942,cudnn_frontend_attention_inference,llama3.1__context_chunked_idx306_b1_hq64_kv8_dqk128_dvo128_sq512_skv131072_causal,0,unknown,engine,skipped,,False,,Failed to get ranked engine ids: No engine configurations available for the graph.
gfx942,cudnn_frontend_attention_inference,llama3.1__context_chunked_idx307_b1_hq64_kv8_dqk128_dvo128_sq1024_skv65536_causal,0,unknown,engine,skipped,,False,,Failed to get ranked engine ids: No engine configurations available for the graph.
gfx942,cudnn_frontend_attention_inference,llama3.1__context_chunked_idx308_b1_hq64_kv8_dqk128_dvo128_sq1024_skv131072_causal,0,unknown,engine,skipped,,False,,Failed to get ranked engine ids: No engine configurations available for the graph.
gfx942,cudnn_frontend_attention_inference,llama3.1__context_full_idx302_b1_hq64_kv8_dqk128_dvo128_sq2048_skv2048_causal,0,unknown,engine,skipped,,False,,Failed to get ranked engine ids: No engine configurations available for the graph.
gfx942,cudnn_frontend_attention_inference,llama3.1__context_full_idx303_b1_hq64_kv8_dqk128_dvo128_sq8192_skv8192_causal,0,unknown,engine,skipped,,False,,Failed to get ranked engine ids: No engine configurations available for the graph.
gfx942,cudnn_frontend_attention_inference,llama3.1__context_full_idx304_b1_hq64_kv8_dqk128_dvo128_sq32768_skv32768_causal,0,unknown,engine,skipped,,False,,Failed to get ranked engine ids: No engine configurations available for the graph.
gfx942,cudnn_frontend_attention_inference,llama3.1__generation_idx309_b1_hq64_kv8_dqk128_dvo128_sq1_skv131072_causal,0,unknown,engine,skipped,,False,,Failed to get ranked engine ids: No engine configurations available for the graph.
gfx942,cudnn_frontend_attention_inference,llama3.1__generation_idx310_b128_hq64_kv8_dqk128_dvo128_sq1_skv131072_causal,0,unknown,engine,skipped,,False,,Failed to get ranked engine ids: No engine configurations available for the graph.
gfx942,cudnn_frontend_attention_inference,llama3.1__generation_idx311_b1_hq64_kv8_dqk128_dvo128_sq2_skv131072_causal,0,unknown,engine,skipped,,False,,Failed to get ranked engine ids: No engine configurations available for the graph.
gfx942,cudnn_frontend_attention_inference,llama3.1__generation_idx312_b128_hq64_kv8_dqk128_dvo128_sq2_skv131072_causal,0,unknown,engine,skipped,,False,,Failed to get ranked engine ids: No engine configurations available for the graph.
gfx942,cudnn_frontend_attention_inference,llama3.1__generation_idx313_b1_hq64_kv8_dqk128_dvo128_sq3_skv131072_causal,0,unknown,engine,skipped,,False,,Failed to get ranked engine ids: No engine configurations available for the graph.
gfx942,cudnn_frontend_attention_inference,llama3.1__generation_idx314_b128_hq64_kv8_dqk128_dvo128_sq3_skv131072_causal,0,unknown,engine,skipped,,False,,Failed to get ranked engine ids: No engine configurations available for the graph.
gfx942,cudnn_frontend_attention_inference,llama3.1__generation_idx315_b1_hq64_kv8_dqk128_dvo128_sq4_skv131072_causal,0,unknown,engine,skipped,,False,,Failed to get ranked engine ids: No engine configurations available for the graph.
gfx942,cudnn_frontend_attention_inference,llama3.1__generation_idx316_b128_hq64_kv8_dqk128_dvo128_sq4_skv131072_causal,0,unknown,engine,skipped,,False,,Failed to get ranked engine ids: No engine configurations available for the graph.
gfx942,cudnn_frontend_attention_inference,qwen3.5-tp2__context_chunked_idx380_b1_hq16_kv1_dqk256_dvo256_sq512_skv65536_causal,0,unknown,engine,skipped,,False,,Failed to get ranked engine ids: No engine configurations available for the graph.
gfx942,cudnn_frontend_attention_inference,qwen3.5-tp2__context_chunked_idx381_b1_hq16_kv1_dqk256_dvo256_sq512_skv131072_causal,0,unknown,engine,skipped,,False,,Failed to get ranked engine ids: No engine configurations available for the graph.
gfx942,cudnn_frontend_attention_inference,qwen3.5-tp2__context_chunked_idx382_b1_hq16_kv1_dqk256_dvo256_sq1024_skv65536_causal,0,unknown,engine,skipped,,False,,Failed to get ranked engine ids: No engine configurations available for the graph.
gfx942,cudnn_frontend_attention_inference,qwen3.5-tp2__context_chunked_idx383_b1_hq16_kv1_dqk256_dvo256_sq1024_skv131072_causal,0,unknown,engine,skipped,,False,,Failed to get ranked engine ids: No engine configurations available for the graph.
gfx942,cudnn_frontend_attention_inference,qwen3.5-tp2__context_full_idx377_b1_hq16_kv1_dqk256_dvo256_sq2048_skv2048_causal,0,unknown,engine,skipped,,False,,Failed to get ranked engine ids: No engine configurations available for the graph.
gfx942,cudnn_frontend_attention_inference,qwen3.5-tp2__context_full_idx378_b1_hq16_kv1_dqk256_dvo256_sq8192_skv8192_causal,0,unknown,engine,skipped,,False,,Failed to get ranked engine ids: No engine configurations available for the graph.
gfx942,cudnn_frontend_attention_inference,qwen3.5-tp2__context_full_idx379_b1_hq16_kv1_dqk256_dvo256_sq32768_skv32768_causal,0,unknown,engine,skipped,,False,,Failed to get ranked engine ids: No engine configurations available for the graph.
gfx942,cudnn_frontend_attention_inference,qwen3.5-tp2__generation_idx384_b1_hq16_kv1_dqk256_dvo256_sq1_skv131072_causal,0,unknown,engine,skipped,,False,,Failed to get ranked engine ids: No engine configurations available for the graph.
gfx942,cudnn_frontend_attention_inference,qwen3.5-tp2__generation_idx385_b128_hq16_kv1_dqk256_dvo256_sq1_skv131072_causal,0,unknown,engine,skipped,,False,,Failed to get ranked engine ids: No engine configurations available for the graph.
gfx942,cudnn_frontend_attention_inference,qwen3.5-tp2__generation_idx386_b1_hq16_kv1_dqk256_dvo256_sq2_skv131072_causal,0,unknown,engine,skipped,,False,,Failed to get ranked engine ids: No engine configurations available for the graph.
gfx942,cudnn_frontend_attention_inference,qwen3.5-tp2__generation_idx387_b128_hq16_kv1_dqk256_dvo256_sq2_skv131072_causal,0,unknown,engine,skipped,,False,,Failed to get ranked engine ids: No engine configurations available for the graph.
gfx942,cudnn_frontend_attention_inference,qwen3.5-tp2__generation_idx388_b1_hq16_kv1_dqk256_dvo256_sq3_skv131072_causal,0,unknown,engine,skipped,,False,,Failed to get ranked engine ids: No engine configurations available for the graph.
gfx942,cudnn_frontend_attention_inference,qwen3.5-tp2__generation_idx389_b128_hq16_kv1_dqk256_dvo256_sq3_skv131072_causal,0,unknown,engine,skipped,,False,,Failed to get ranked engine ids: No engine configurations available for the graph.
gfx942,cudnn_frontend_attention_inference,qwen3.5-tp2__generation_idx390_b1_hq16_kv1_dqk256_dvo256_sq4_skv131072_causal,0,unknown,engine,skipped,,False,,Failed to get ranked engine ids: No engine configurations available for the graph.
gfx942,cudnn_frontend_attention_inference,qwen3.5-tp2__generation_idx391_b128_hq16_kv1_dqk256_dvo256_sq4_skv131072_causal,0,unknown,engine,skipped,,False,,Failed to get ranked engine ids: No engine configurations available for the graph.
gfx942,cudnn_frontend_attention_inference,qwen3.5-tp4__context_chunked_idx395_b1_hq8_kv1_dqk256_dvo256_sq512_skv65536_causal,0,unknown,engine,skipped,,False,,Failed to get ranked engine ids: No engine configurations available for the graph.
gfx942,cudnn_frontend_attention_inference,qwen3.5-tp4__context_chunked_idx396_b1_hq8_kv1_dqk256_dvo256_sq512_skv131072_causal,0,unknown,engine,skipped,,False,,Failed to get ranked engine ids: No engine configurations available for the graph.
gfx942,cudnn_frontend_attention_inference,qwen3.5-tp4__context_chunked_idx397_b1_hq8_kv1_dqk256_dvo256_sq1024_skv65536_causal,0,unknown,engine,skipped,,False,,Failed to get ranked engine ids: No engine configurations available for the graph.
gfx942,cudnn_frontend_attention_inference,qwen3.5-tp4__context_chunked_idx398_b1_hq8_kv1_dqk256_dvo256_sq1024_skv131072_causal,0,unknown,engine,skipped,,False,,Failed to get ranked engine ids: No engine configurations available for the graph.
gfx942,cudnn_frontend_attention_inference,qwen3.5-tp4__context_full_idx392_b1_hq8_kv1_dqk256_dvo256_sq2048_skv2048_causal,0,unknown,engine,skipped,,False,,Failed to get ranked engine ids: No engine configurations available for the graph.
gfx942,cudnn_frontend_attention_inference,qwen3.5-tp4__context_full_idx393_b1_hq8_kv1_dqk256_dvo256_sq8192_skv8192_causal,0,unknown,engine,skipped,,False,,Failed to get ranked engine ids: No engine configurations available for the graph.
gfx942,cudnn_frontend_attention_inference,qwen3.5-tp4__context_full_idx394_b1_hq8_kv1_dqk256_dvo256_sq32768_skv32768_causal,0,unknown,engine,skipped,,False,,Failed to get ranked engine ids: No engine configurations available for the graph.
gfx942,cudnn_frontend_attention_inference,qwen3.5-tp4__generation_idx399_b1_hq8_kv1_dqk256_dvo256_sq1_skv131072_causal,0,unknown,engine,skipped,,False,,Failed to get ranked engine ids: No engine configurations available for the graph.
gfx942,cudnn_frontend_attention_inference,qwen3.5-tp4__generation_idx400_b128_hq8_kv1_dqk256_dvo256_sq1_skv131072_causal,0,unknown,engine,skipped,,False,,Failed to get ranked engine ids: No engine configurations available for the graph.
gfx942,cudnn_frontend_attention_inference,qwen3.5-tp4__generation_idx401_b1_hq8_kv1_dqk256_dvo256_sq2_skv131072_causal,0,unknown,engine,skipped,,False,,Failed to get ranked engine ids: No engine configurations available for the graph.
gfx942,cudnn_frontend_attention_inference,qwen3.5-tp4__generation_idx402_b128_hq8_kv1_dqk256_dvo256_sq2_skv131072_causal,0,unknown,engine,skipped,,False,,Failed to get ranked engine ids: No engine configurations available for the graph.
gfx942,cudnn_frontend_attention_inference,qwen3.5-tp4__generation_idx403_b1_hq8_kv1_dqk256_dvo256_sq3_skv131072_causal,0,unknown,engine,skipped,,False,,Failed to get ranked engine ids: No engine configurations available for the graph.
gfx942,cudnn_frontend_attention_inference,qwen3.5-tp4__generation_idx404_b128_hq8_kv1_dqk256_dvo256_sq3_skv131072_causal,0,unknown,engine,skipped,,False,,Failed to get ranked engine ids: No engine configurations available for the graph.
gfx942,cudnn_frontend_attention_inference,qwen3.5-tp4__generation_idx405_b1_hq8_kv1_dqk256_dvo256_sq4_skv131072_causal,0,unknown,engine,skipped,,False,,Failed to get ranked engine ids: No engine configurations available for the graph.
gfx942,cudnn_frontend_attention_inference,qwen3.5-tp4__generation_idx406_b128_hq8_kv1_dqk256_dvo256_sq4_skv131072_causal,0,unknown,engine,skipped,,False,,Failed to get ranked engine ids: No engine configurations available for the graph.
gfx942,cudnn_frontend_attention_inference,qwen3.5-tp8__context_chunked_idx410_b1_hq4_kv1_dqk256_dvo256_sq512_skv65536_causal,0,unknown,engine,skipped,,False,,Failed to get ranked engine ids: No engine configurations available for the graph.
gfx942,cudnn_frontend_attention_inference,qwen3.5-tp8__context_chunked_idx411_b1_hq4_kv1_dqk256_dvo256_sq512_skv131072_causal,0,unknown,engine,skipped,,False,,Failed to get ranked engine ids: No engine configurations available for the graph.
gfx942,cudnn_frontend_attention_inference,qwen3.5-tp8__context_chunked_idx412_b1_hq4_kv1_dqk256_dvo256_sq1024_skv65536_causal,0,unknown,engine,skipped,,False,,Failed to get ranked engine ids: No engine configurations available for the graph.
gfx942,cudnn_frontend_attention_inference,qwen3.5-tp8__context_chunked_idx413_b1_hq4_kv1_dqk256_dvo256_sq1024_skv131072_causal,0,unknown,engine,skipped,,False,,Failed to get ranked engine ids: No engine configurations available for the graph.
gfx942,cudnn_frontend_attention_inference,qwen3.5-tp8__context_full_idx407_b1_hq4_kv1_dqk256_dvo256_sq2048_skv2048_causal,0,unknown,engine,skipped,,False,,Failed to get ranked engine ids: No engine configurations available for the graph.
gfx942,cudnn_frontend_attention_inference,qwen3.5-tp8__context_full_idx408_b1_hq4_kv1_dqk256_dvo256_sq8192_skv8192_causal,0,unknown,engine,skipped,,False,,Failed to get ranked engine ids: No engine configurations available for the graph.
gfx942,cudnn_frontend_attention_inference,qwen3.5-tp8__context_full_idx409_b1_hq4_kv1_dqk256_dvo256_sq32768_skv32768_causal,0,unknown,engine,skipped,,False,,Failed to get ranked engine ids: No engine configurations available for the graph.
gfx942,cudnn_frontend_attention_inference,qwen3.5-tp8__generation_idx414_b1_hq4_kv1_dqk256_dvo256_sq1_skv131072_causal,0,unknown,engine,skipped,,False,,Failed to get ranked engine ids: No engine configurations available for the graph.
gfx942,cudnn_frontend_attention_inference,qwen3.5-tp8__generation_idx415_b128_hq4_kv1_dqk256_dvo256_sq1_skv131072_causal,0,unknown,engine,skipped,,False,,Failed to get ranked engine ids: No engine configurations available for the graph.
gfx942,cudnn_frontend_attention_inference,qwen3.5-tp8__generation_idx416_b1_hq4_kv1_dqk256_dvo256_sq2_skv131072_causal,0,unknown,engine,skipped,,False,,Failed to get ranked engine ids: No engine configurations available for the graph.
gfx942,cudnn_frontend_attention_inference,qwen3.5-tp8__generation_idx417_b128_hq4_kv1_dqk256_dvo256_sq2_skv131072_causal,0,unknown,engine,skipped,,False,,Failed to get ranked engine ids: No engine configurations available for the graph.
gfx942,cudnn_frontend_attention_inference,qwen3.5-tp8__generation_idx418_b1_hq4_kv1_dqk256_dvo256_sq3_skv131072_causal,0,unknown,engine,skipped,,False,,Failed to get ranked engine ids: No engine configurations available for the graph.
gfx942,cudnn_frontend_attention_inference,qwen3.5-tp8__generation_idx419_b128_hq4_kv1_dqk256_dvo256_sq3_skv131072_causal,0,unknown,engine,skipped,,False,,Failed to get ranked engine ids: No engine configurations available for the graph.
gfx942,cudnn_frontend_attention_inference,qwen3.5-tp8__generation_idx420_b1_hq4_kv1_dqk256_dvo256_sq4_skv131072_causal,0,unknown,engine,skipped,,False,,Failed to get ranked engine ids: No engine configurations available for the graph.
gfx942,cudnn_frontend_attention_inference,qwen3.5-tp8__generation_idx421_b128_hq4_kv1_dqk256_dvo256_sq4_skv131072_causal,0,unknown,engine,skipped,,False,,Failed to get ranked engine ids: No engine configurations available for the graph.
gfx942,cudnn_frontend_attention_inference,qwen3.5__context_chunked_idx365_b1_hq32_kv2_dqk256_dvo256_sq512_skv65536_causal,0,unknown,engine,skipped,,False,,Failed to get ranked engine ids: No engine configurations available for the graph.
gfx942,cudnn_frontend_attention_inference,qwen3.5__context_chunked_idx366_b1_hq32_kv2_dqk256_dvo256_sq512_skv131072_causal,0,unknown,engine,skipped,,False,,Failed to get ranked engine ids: No engine configurations available for the graph.
gfx942,cudnn_frontend_attention_inference,qwen3.5__context_chunked_idx367_b1_hq32_kv2_dqk256_dvo256_sq1024_skv65536_causal,0,unknown,engine,skipped,,False,,Failed to get ranked engine ids: No engine configurations available for the graph.
gfx942,cudnn_frontend_attention_inference,qwen3.5__context_chunked_idx368_b1_hq32_kv2_dqk256_dvo256_sq1024_skv131072_causal,0,unknown,engine,skipped,,False,,Failed to get ranked engine ids: No engine configurations available for the graph.
gfx942,cudnn_frontend_attention_inference,qwen3.5__context_full_idx362_b1_hq32_kv2_dqk256_dvo256_sq2048_skv2048_causal,0,unknown,engine,skipped,,False,,Failed to get ranked engine ids: No engine configurations available for the graph.
gfx942,cudnn_frontend_attention_inference,qwen3.5__context_full_idx363_b1_hq32_kv2_dqk256_dvo256_sq8192_skv8192_causal,0,unknown,engine,skipped,,False,,Failed to get ranked engine ids: No engine configurations available for the graph.
gfx942,cudnn_frontend_attention_inference,qwen3.5__context_full_idx364_b1_hq32_kv2_dqk256_dvo256_sq32768_skv32768_causal,0,unknown,engine,skipped,,False,,Failed to get ranked engine ids: No engine configurations available for the graph.
gfx942,cudnn_frontend_attention_inference,qwen3.5__generation_idx369_b1_hq32_kv2_dqk256_dvo256_sq1_skv131072_causal,0,unknown,engine,skipped,,False,,Failed to get ranked engine ids: No engine configurations available for the graph.
gfx942,cudnn_frontend_attention_inference,qwen3.5__generation_idx370_b128_hq32_kv2_dqk256_dvo256_sq1_skv131072_causal,0,unknown,engine,skipped,,False,,Failed to get ranked engine ids: No engine configurations available for the graph.
gfx942,cudnn_frontend_attention_inference,qwen3.5__generation_idx371_b1_hq32_kv2_dqk256_dvo256_sq2_skv131072_causal,0,unknown,engine,skipped,,False,,Failed to get ranked engine ids: No engine configurations available for the graph.
gfx942,cudnn_frontend_attention_inference,qwen3.5__generation_idx372_b128_hq32_kv2_dqk256_dvo256_sq2_skv131072_causal,0,unknown,engine,skipped,,False,,Failed to get ranked engine ids: No engine configurations available for the graph.
gfx942,cudnn_frontend_attention_inference,qwen3.5__generation_idx373_b1_hq32_kv2_dqk256_dvo256_sq3_skv131072_causal,0,unknown,engine,skipped,,False,,Failed to get ranked engine ids: No engine configurations available for the graph.
gfx942,cudnn_frontend_attention_inference,qwen3.5__generation_idx374_b128_hq32_kv2_dqk256_dvo256_sq3_skv131072_causal,0,unknown,engine,skipped,,False,,Failed to get ranked engine ids: No engine configurations available for the graph.
gfx942,cudnn_frontend_attention_inference,qwen3.5__generation_idx375_b1_hq32_kv2_dqk256_dvo256_sq4_skv131072_causal,0,unknown,engine,skipped,,False,,Failed to get ranked engine ids: No engine configurations available for the graph.
gfx942,cudnn_frontend_attention_inference,qwen3.5__generation_idx376_b128_hq32_kv2_dqk256_dvo256_sq4_skv131072_causal,0,unknown,engine,skipped,,False,,Failed to get ranked engine ids: No engine configurations available for the graph.
gfx942,cudnn_frontend_attention_inference,qwen3vl_vit__context_full_idx422_b1_hq16_kv16_dqk80_dvo80_sq8836_skv8836_full,0,unknown,engine,skipped,,False,,Failed to get ranked engine ids: No engine configurations available for the graph.
gfx942,cudnn_frontend_attention_inference,qwen3vl_vit__context_full_idx423_b1_hq16_kv16_dqk80_dvo80_sq15376_skv15376_full,0,unknown,engine,skipped,,False,,Failed to get ranked engine ids: No engine configurations available for the graph.
gfx942,cudnn_frontend_attention_inference,qwen3vl_vit__context_full_idx424_b1_hq16_kv16_dqk80_dvo80_sq24336_skv24336_full,0,unknown,engine,skipped,,False,,Failed to get ranked engine ids: No engine configurations available for the graph.
gfx942,cudnn_frontend_attention_inference,qwen3vl_vit__context_full_idx425_b1_hq16_kv16_dqk80_dvo80_sq35344_skv35344_full,0,unknown,engine,skipped,,False,,Failed to get ranked engine ids: No engine configurations available for the graph.
gfx942,cudnn_frontend_attention_inference,qwen3vl_vit__context_full_idx426_b1_hq16_kv16_dqk80_dvo80_sq47376_skv47376_full,0,unknown,engine,skipped,,False,,Failed to get ranked engine ids: No engine configurations available for the graph.
gfx942,cudnn_frontend_attention_inference,qwen3vl_vit__context_full_idx427_b1_hq16_kv16_dqk80_dvo80_sq62500_skv62500_full,0,unknown,engine,skipped,,False,,Failed to get ranked engine ids: No engine configurations available for the graph.
gfx950,cudnn_frontend_attention_inference,ar_dit__context_chunked_idx2_b1_hq9_kv9_dqk128_dvo128_sq985_skv62208_causal,0,unknown,engine,skipped,,False,,Failed to get ranked engine ids: No engine configurations available for the graph.
gfx950,cudnn_frontend_attention_inference,ar_dit__context_chunked_idx3_b1_hq9_kv9_dqk128_dvo128_sq2048_skv62208_causal,0,unknown,engine,skipped,,False,,Failed to get ranked engine ids: No engine configurations available for the graph.
gfx950,cudnn_frontend_attention_inference,ar_dit__context_chunked_idx4_b1_hq9_kv9_dqk128_dvo128_sq4096_skv62208_causal,0,unknown,engine,skipped,,False,,Failed to get ranked engine ids: No engine configurations available for the graph.
gfx950,cudnn_frontend_attention_inference,ar_dit__context_chunked_idx5_b1_hq9_kv9_dqk128_dvo128_sq8192_skv62208_causal,0,unknown,engine,skipped,,False,,Failed to get ranked engine ids: No engine configurations available for the graph.
gfx950,cudnn_frontend_attention_inference,ar_dit__context_full_idx0_b1_hq9_kv9_dqk128_dvo128_sq8192_skv8192_full,4714091817493728420,ASM_SDPA_ENGINE,engine,success,,True,,
gfx950,cudnn_frontend_attention_inference,ar_dit__context_full_idx1_b1_hq9_kv9_dqk128_dvo128_sq62208_skv62208_full,4714091817493728420,ASM_SDPA_ENGINE,engine,success,,True,,
gfx950,cudnn_frontend_attention_inference,ar_dit__generation_idx6_b1_hq9_kv9_dqk128_dvo128_sq1_skv62208_causal,0,unknown,engine,skipped,,False,,Failed to get ranked engine ids: No engine configurations available for the graph.
gfx950,cudnn_frontend_attention_inference,ar_dit__generation_idx7_b1_hq9_kv9_dqk128_dvo128_sq2_skv62208_causal,0,unknown,engine,skipped,,False,,Failed to get ranked engine ids: No engine configurations available for the graph.
gfx950,cudnn_frontend_attention_inference,ar_dit__generation_idx8_b1_hq9_kv9_dqk128_dvo128_sq3_skv62208_causal,0,unknown,engine,skipped,,False,,Failed to get ranked engine ids: No engine configurations available for the graph.
gfx950,cudnn_frontend_attention_inference,ar_dit__generation_idx9_b1_hq9_kv9_dqk128_dvo128_sq4_skv62208_causal,0,unknown,engine,skipped,,False,,Failed to get ranked engine ids: No engine configurations available for the graph.
gfx950,cudnn_frontend_attention_inference,dsv4_flash-tp2__context_chunked_idx26_b1_hq32_kv1_dqk512_dvo512_sq512_skv65536_causal,0,unknown,engine,skipped,,False,,Failed to get ranked engine ids: No engine configurations available for the graph.
gfx950,cudnn_frontend_attention_inference,dsv4_flash-tp2__context_chunked_idx27_b1_hq32_kv1_dqk512_dvo512_sq512_skv131072_causal,0,unknown,engine,skipped,,False,,Failed to get ranked engine ids: No engine configurations available for the graph.
gfx950,cudnn_frontend_attention_inference,dsv4_flash-tp2__context_chunked_idx28_b1_hq32_kv1_dqk512_dvo512_sq1024_skv65536_causal,0,unknown,engine,skipped,,False,,Failed to get ranked engine ids: No engine configurations available for the graph.
gfx950,cudnn_frontend_attention_inference,dsv4_flash-tp2__context_chunked_idx29_b1_hq32_kv1_dqk512_dvo512_sq1024_skv131072_causal,0,unknown,engine,skipped,,False,,Failed to get ranked engine ids: No engine configurations available for the graph.
gfx950,cudnn_frontend_attention_inference,dsv4_flash-tp2__context_full_idx24_b1_hq32_kv1_dqk512_dvo512_sq2048_skv2048_causal,0,unknown,engine,skipped,,False,,Failed to get ranked engine ids: No engine configurations available for the graph.
gfx950,cudnn_frontend_attention_inference,dsv4_flash-tp2__context_full_idx25_b1_hq32_kv1_dqk512_dvo512_sq8192_skv8192_causal,0,unknown,engine,skipped,,False,,Failed to get ranked engine ids: No engine configurations available for the graph.
gfx950,cudnn_frontend_attention_inference,dsv4_flash-tp2__generation_idx30_b1_hq32_kv1_dqk512_dvo512_sq1_skv131072_causal,0,unknown,engine,skipped,,False,,Failed to get ranked engine ids: No engine configurations available for the graph.
gfx950,cudnn_frontend_attention_inference,dsv4_flash-tp2__generation_idx31_b128_hq32_kv1_dqk512_dvo512_sq1_skv131072_causal,0,unknown,engine,skipped,,False,,Failed to get ranked engine ids: No engine configurations available for the graph.
gfx950,cudnn_frontend_attention_inference,dsv4_flash-tp2__generation_idx32_b1_hq32_kv1_dqk512_dvo512_sq2_skv131072_causal,0,unknown,engine,skipped,,False,,Failed to get ranked engine ids: No engine configurations available for the graph.
gfx950,cudnn_frontend_attention_inference,dsv4_flash-tp2__generation_idx33_b128_hq32_kv1_dqk512_dvo512_sq2_skv131072_causal,0,unknown,engine,skipped,,False,,Failed to get ranked engine ids: No engine configurations available for the graph.
gfx950,cudnn_frontend_attention_inference,dsv4_flash-tp2__generation_idx34_b1_hq32_kv1_dqk512_dvo512_sq3_skv131072_causal,0,unknown,engine,skipped,,False,,Failed to get ranked engine ids: No engine configurations available for the graph.
gfx950,cudnn_frontend_attention_inference,dsv4_flash-tp2__generation_idx35_b128_hq32_kv1_dqk512_dvo512_sq3_skv131072_causal,0,unknown,engine,skipped,,False,,Failed to get ranked engine ids: No engine configurations available for the graph.
gfx950,cudnn_frontend_attention_inference,dsv4_flash-tp2__generation_idx36_b1_hq32_kv1_dqk512_dvo512_sq4_skv131072_causal,0,unknown,engine,skipped,,False,,Failed to get ranked engine ids: No engine configurations available for the graph.
gfx950,cudnn_frontend_attention_inference,dsv4_flash-tp2__generation_idx37_b128_hq32_kv1_dqk512_dvo512_sq4_skv131072_causal,0,unknown,engine,skipped,,False,,Failed to get ranked engine ids: No engine configurations available for the graph.
gfx950,cudnn_frontend_attention_inference,dsv4_flash-tp4__context_chunked_idx40_b1_hq16_kv1_dqk512_dvo512_sq512_skv65536_causal,0,unknown,engine,skipped,,False,,Failed to get ranked engine ids: No engine configurations available for the graph.
gfx950,cudnn_frontend_attention_inference,dsv4_flash-tp4__context_chunked_idx41_b1_hq16_kv1_dqk512_dvo512_sq512_skv131072_causal,0,unknown,engine,skipped,,False,,Failed to get ranked engine ids: No engine configurations available for the graph.
gfx950,cudnn_frontend_attention_inference,dsv4_flash-tp4__context_chunked_idx42_b1_hq16_kv1_dqk512_dvo512_sq1024_skv65536_causal,0,unknown,engine,skipped,,False,,Failed to get ranked engine ids: No engine configurations available for the graph.
gfx950,cudnn_frontend_attention_inference,dsv4_flash-tp4__context_chunked_idx43_b1_hq16_kv1_dqk512_dvo512_sq1024_skv131072_causal,0,unknown,engine,skipped,,False,,Failed to get ranked engine ids: No engine configurations available for the graph.
gfx950,cudnn_frontend_attention_inference,dsv4_flash-tp4__context_full_idx38_b1_hq16_kv1_dqk512_dvo512_sq2048_skv2048_causal,0,unknown,engine,skipped,,False,,Failed to get ranked engine ids: No engine configurations available for the graph.
gfx950,cudnn_frontend_attention_inference,dsv4_flash-tp4__context_full_idx39_b1_hq16_kv1_dqk512_dvo512_sq8192_skv8192_causal,0,unknown,engine,skipped,,False,,Failed to get ranked engine ids: No engine configurations available for the graph.
gfx950,cudnn_frontend_attention_inference,dsv4_flash-tp4__generation_idx44_b1_hq16_kv1_dqk512_dvo512_sq1_skv131072_causal,0,unknown,engine,skipped,,False,,Failed to get ranked engine ids: No engine configurations available for the graph.
gfx950,cudnn_frontend_attention_inference,dsv4_flash-tp4__generation_idx45_b128_hq16_kv1_dqk512_dvo512_sq1_skv131072_causal,0,unknown,engine,skipped,,False,,Failed to get ranked engine ids: No engine configurations available for the graph.
gfx950,cudnn_frontend_attention_inference,dsv4_flash-tp4__generation_idx46_b1_hq16_kv1_dqk512_dvo512_sq2_skv131072_causal,0,unknown,engine,skipped,,False,,Failed to get ranked engine ids: No engine configurations available for the graph.
gfx950,cudnn_frontend_attention_inference,dsv4_flash-tp4__generation_idx47_b128_hq16_kv1_dqk512_dvo512_sq2_skv131072_causal,0,unknown,engine,skipped,,False,,Failed to get ranked engine ids: No engine configurations available for the graph.
gfx950,cudnn_frontend_attention_inference,dsv4_flash-tp4__generation_idx48_b1_hq16_kv1_dqk512_dvo512_sq3_skv131072_causal,0,unknown,engine,skipped,,False,,Failed to get ranked engine ids: No engine configurations available for the graph.
gfx950,cudnn_frontend_attention_inference,dsv4_flash-tp4__generation_idx49_b128_hq16_kv1_dqk512_dvo512_sq3_skv131072_causal,0,unknown,engine,skipped,,False,,Failed to get ranked engine ids: No engine configurations available for the graph.
gfx950,cudnn_frontend_attention_inference,dsv4_flash-tp4__generation_idx50_b1_hq16_kv1_dqk512_dvo512_sq4_skv131072_causal,0,unknown,engine,skipped,,False,,Failed to get ranked engine ids: No engine configurations available for the graph.
gfx950,cudnn_frontend_attention_inference,dsv4_flash-tp4__generation_idx51_b128_hq16_kv1_dqk512_dvo512_sq4_skv131072_causal,0,unknown,engine,skipped,,False,,Failed to get ranked engine ids: No engine configurations available for the graph.
gfx950,cudnn_frontend_attention_inference,dsv4_flash-tp8__context_chunked_idx54_b1_hq8_kv1_dqk512_dvo512_sq512_skv65536_causal,0,unknown,engine,skipped,,False,,Failed to get ranked engine ids: No engine configurations available for the graph.
gfx950,cudnn_frontend_attention_inference,dsv4_flash-tp8__context_chunked_idx55_b1_hq8_kv1_dqk512_dvo512_sq512_skv131072_causal,0,unknown,engine,skipped,,False,,Failed to get ranked engine ids: No engine configurations available for the graph.
gfx950,cudnn_frontend_attention_inference,dsv4_flash-tp8__context_chunked_idx56_b1_hq8_kv1_dqk512_dvo512_sq1024_skv65536_causal,0,unknown,engine,skipped,,False,,Failed to get ranked engine ids: No engine configurations available for the graph.
gfx950,cudnn_frontend_attention_inference,dsv4_flash-tp8__context_chunked_idx57_b1_hq8_kv1_dqk512_dvo512_sq1024_skv131072_causal,0,unknown,engine,skipped,,False,,Failed to get ranked engine ids: No engine configurations available for the graph.
gfx950,cudnn_frontend_attention_inference,dsv4_flash-tp8__context_full_idx52_b1_hq8_kv1_dqk512_dvo512_sq2048_skv2048_causal,0,unknown,engine,skipped,,False,,Failed to get ranked engine ids: No engine configurations available for the graph.
gfx950,cudnn_frontend_attention_inference,dsv4_flash-tp8__context_full_idx53_b1_hq8_kv1_dqk512_dvo512_sq8192_skv8192_causal,0,unknown,engine,skipped,,False,,Failed to get ranked engine ids: No engine configurations available for the graph.
gfx950,cudnn_frontend_attention_inference,dsv4_flash-tp8__generation_idx58_b1_hq8_kv1_dqk512_dvo512_sq1_skv131072_causal,0,unknown,engine,skipped,,False,,Failed to get ranked engine ids: No engine configurations available for the graph.
gfx950,cudnn_frontend_attention_inference,dsv4_flash-tp8__generation_idx59_b128_hq8_kv1_dqk512_dvo512_sq1_skv131072_causal,0,unknown,engine,skipped,,False,,Failed to get ranked engine ids: No engine configurations available for the graph.
gfx950,cudnn_frontend_attention_inference,dsv4_flash-tp8__generation_idx60_b1_hq8_kv1_dqk512_dvo512_sq2_skv131072_causal,0,unknown,engine,skipped,,False,,Failed to get ranked engine ids: No engine configurations available for the graph.
gfx950,cudnn_frontend_attention_inference,dsv4_flash-tp8__generation_idx61_b128_hq8_kv1_dqk512_dvo512_sq2_skv131072_causal,0,unknown,engine,skipped,,False,,Failed to get ranked engine ids: No engine configurations available for the graph.
gfx950,cudnn_frontend_attention_inference,dsv4_flash-tp8__generation_idx62_b1_hq8_kv1_dqk512_dvo512_sq3_skv131072_causal,0,unknown,engine,skipped,,False,,Failed to get ranked engine ids: No engine configurations available for the graph.
gfx950,cudnn_frontend_attention_inference,dsv4_flash-tp8__generation_idx63_b128_hq8_kv1_dqk512_dvo512_sq3_skv131072_causal,0,unknown,engine,skipped,,False,,Failed to get ranked engine ids: No engine configurations available for the graph.
gfx950,cudnn_frontend_attention_inference,dsv4_flash-tp8__generation_idx64_b1_hq8_kv1_dqk512_dvo512_sq4_skv131072_causal,0,unknown,engine,skipped,,False,,Failed to get ranked engine ids: No engine configurations available for the graph.
gfx950,cudnn_frontend_attention_inference,dsv4_flash-tp8__generation_idx65_b128_hq8_kv1_dqk512_dvo512_sq4_skv131072_causal,0,unknown,engine,skipped,,False,,Failed to get ranked engine ids: No engine configurations available for the graph.
gfx950,cudnn_frontend_attention_inference,dsv4_flash__context_chunked_idx12_b1_hq64_kv1_dqk512_dvo512_sq512_skv65536_causal,0,unknown,engine,skipped,,False,,Failed to get ranked engine ids: No engine configurations available for the graph.
gfx950,cudnn_frontend_attention_inference,dsv4_flash__context_chunked_idx13_b1_hq64_kv1_dqk512_dvo512_sq512_skv131072_causal,0,unknown,engine,skipped,,False,,Failed to get ranked engine ids: No engine configurations available for the graph.
gfx950,cudnn_frontend_attention_inference,dsv4_flash__context_chunked_idx14_b1_hq64_kv1_dqk512_dvo512_sq1024_skv65536_causal,0,unknown,engine,skipped,,False,,Failed to get ranked engine ids: No engine configurations available for the graph.
gfx950,cudnn_frontend_attention_inference,dsv4_flash__context_chunked_idx15_b1_hq64_kv1_dqk512_dvo512_sq1024_skv131072_causal,0,unknown,engine,skipped,,False,,Failed to get ranked engine ids: No engine configurations available for the graph.
gfx950,cudnn_frontend_attention_inference,dsv4_flash__context_full_idx10_b1_hq64_kv1_dqk512_dvo512_sq2048_skv2048_causal,0,unknown,engine,skipped,,False,,Failed to get ranked engine ids: No engine configurations available for the graph.
gfx950,cudnn_frontend_attention_inference,dsv4_flash__context_full_idx11_b1_hq64_kv1_dqk512_dvo512_sq8192_skv8192_causal,0,unknown,engine,skipped,,False,,Failed to get ranked engine ids: No engine configurations available for the graph.
gfx950,cudnn_frontend_attention_inference,dsv4_flash__generation_idx16_b1_hq64_kv1_dqk512_dvo512_sq1_skv131072_causal,0,unknown,engine,skipped,,False,,Failed to get ranked engine ids: No engine configurations available for the graph.
gfx950,cudnn_frontend_attention_inference,dsv4_flash__generation_idx17_b128_hq64_kv1_dqk512_dvo512_sq1_skv131072_causal,0,unknown,engine,skipped,,False,,Failed to get ranked engine ids: No engine configurations available for the graph.
gfx950,cudnn_frontend_attention_inference,dsv4_flash__generation_idx18_b1_hq64_kv1_dqk512_dvo512_sq2_skv131072_causal,0,unknown,engine,skipped,,False,,Failed to get ranked engine ids: No engine configurations available for the graph.
gfx950,cudnn_frontend_attention_inference,dsv4_flash__generation_idx19_b128_hq64_kv1_dqk512_dvo512_sq2_skv131072_causal,0,unknown,engine,skipped,,False,,Failed to get ranked engine ids: No engine configurations available for the graph.
gfx950,cudnn_frontend_attention_inference,dsv4_flash__generation_idx20_b1_hq64_kv1_dqk512_dvo512_sq3_skv131072_causal,0,unknown,engine,skipped,,False,,Failed to get ranked engine ids: No engine configurations available for the graph.
gfx950,cudnn_frontend_attention_inference,dsv4_flash__generation_idx21_b128_hq64_kv1_dqk512_dvo512_sq3_skv131072_causal,0,unknown,engine,skipped,,False,,Failed to get ranked engine ids: No engine configurations available for the graph.
gfx950,cudnn_frontend_attention_inference,dsv4_flash__generation_idx22_b1_hq64_kv1_dqk512_dvo512_sq4_skv131072_causal,0,unknown,engine,skipped,,False,,Failed to get ranked engine ids: No engine configurations available for the graph.
gfx950,cudnn_frontend_attention_inference,dsv4_flash__generation_idx23_b128_hq64_kv1_dqk512_dvo512_sq4_skv131072_causal,0,unknown,engine,skipped,,False,,Failed to get ranked engine ids: No engine configurations available for the graph.
gfx950,cudnn_frontend_attention_inference,dsv4_pro-tp2__context_chunked_idx82_b1_hq64_kv1_dqk512_dvo512_sq512_skv65536_causal,0,unknown,engine,skipped,,False,,Failed to get ranked engine ids: No engine configurations available for the graph.
gfx950,cudnn_frontend_attention_inference,dsv4_pro-tp2__context_chunked_idx83_b1_hq64_kv1_dqk512_dvo512_sq512_skv131072_causal,0,unknown,engine,skipped,,False,,Failed to get ranked engine ids: No engine configurations available for the graph.
gfx950,cudnn_frontend_attention_inference,dsv4_pro-tp2__context_chunked_idx84_b1_hq64_kv1_dqk512_dvo512_sq1024_skv65536_causal,0,unknown,engine,skipped,,False,,Failed to get ranked engine ids: No engine configurations available for the graph.
gfx950,cudnn_frontend_attention_inference,dsv4_pro-tp2__context_chunked_idx85_b1_hq64_kv1_dqk512_dvo512_sq1024_skv131072_causal,0,unknown,engine,skipped,,False,,Failed to get ranked engine ids: No engine configurations available for the graph.
gfx950,cudnn_frontend_attention_inference,dsv4_pro-tp2__context_full_idx80_b1_hq64_kv1_dqk512_dvo512_sq2048_skv2048_causal,0,unknown,engine,skipped,,False,,Failed to get ranked engine ids: No engine configurations available for the graph.
gfx950,cudnn_frontend_attention_inference,dsv4_pro-tp2__context_full_idx81_b1_hq64_kv1_dqk512_dvo512_sq8192_skv8192_causal,0,unknown,engine,skipped,,False,,Failed to get ranked engine ids: No engine configurations available for the graph.
gfx950,cudnn_frontend_attention_inference,dsv4_pro-tp2__generation_idx86_b1_hq64_kv1_dqk512_dvo512_sq1_skv131072_causal,0,unknown,engine,skipped,,False,,Failed to get ranked engine ids: No engine configurations available for the graph.
gfx950,cudnn_frontend_attention_inference,dsv4_pro-tp2__generation_idx87_b128_hq64_kv1_dqk512_dvo512_sq1_skv131072_causal,0,unknown,engine,skipped,,False,,Failed to get ranked engine ids: No engine configurations available for the graph.
gfx950,cudnn_frontend_attention_inference,dsv4_pro-tp2__generation_idx88_b1_hq64_kv1_dqk512_dvo512_sq2_skv131072_causal,0,unknown,engine,skipped,,False,,Failed to get ranked engine ids: No engine configurations available for the graph.
gfx950,cudnn_frontend_attention_inference,dsv4_pro-tp2__generation_idx89_b128_hq64_kv1_dqk512_dvo512_sq2_skv131072_causal,0,unknown,engine,skipped,,False,,Failed to get ranked engine ids: No engine configurations available for the graph.
gfx950,cudnn_frontend_attention_inference,dsv4_pro-tp2__generation_idx90_b1_hq64_kv1_dqk512_dvo512_sq3_skv131072_causal,0,unknown,engine,skipped,,False,,Failed to get ranked engine ids: No engine configurations available for the graph.
gfx950,cudnn_frontend_attention_inference,dsv4_pro-tp2__generation_idx91_b128_hq64_kv1_dqk512_dvo512_sq3_skv131072_causal,0,unknown,engine,skipped,,False,,Failed to get ranked engine ids: No engine configurations available for the graph.
gfx950,cudnn_frontend_attention_inference,dsv4_pro-tp2__generation_idx92_b1_hq64_kv1_dqk512_dvo512_sq4_skv131072_causal,0,unknown,engine,skipped,,False,,Failed to get ranked engine ids: No engine configurations available for the graph.
gfx950,cudnn_frontend_attention_inference,dsv4_pro-tp2__generation_idx93_b128_hq64_kv1_dqk512_dvo512_sq4_skv131072_causal,0,unknown,engine,skipped,,False,,Failed to get ranked engine ids: No engine configurations available for the graph.
gfx950,cudnn_frontend_attention_inference,dsv4_pro-tp4__context_chunked_idx96_b1_hq32_kv1_dqk512_dvo512_sq512_skv65536_causal,0,unknown,engine,skipped,,False,,Failed to get ranked engine ids: No engine configurations available for the graph.
gfx950,cudnn_frontend_attention_inference,dsv4_pro-tp4__context_chunked_idx97_b1_hq32_kv1_dqk512_dvo512_sq512_skv131072_causal,0,unknown,engine,skipped,,False,,Failed to get ranked engine ids: No engine configurations available for the graph.
gfx950,cudnn_frontend_attention_inference,dsv4_pro-tp4__context_chunked_idx98_b1_hq32_kv1_dqk512_dvo512_sq1024_skv65536_causal,0,unknown,engine,skipped,,False,,Failed to get ranked engine ids: No engine configurations available for the graph.
gfx950,cudnn_frontend_attention_inference,dsv4_pro-tp4__context_chunked_idx99_b1_hq32_kv1_dqk512_dvo512_sq1024_skv131072_causal,0,unknown,engine,skipped,,False,,Failed to get ranked engine ids: No engine configurations available for the graph.
gfx950,cudnn_frontend_attention_inference,dsv4_pro-tp4__context_full_idx94_b1_hq32_kv1_dqk512_dvo512_sq2048_skv2048_causal,0,unknown,engine,skipped,,False,,Failed to get ranked engine ids: No engine configurations available for the graph.
gfx950,cudnn_frontend_attention_inference,dsv4_pro-tp4__context_full_idx95_b1_hq32_kv1_dqk512_dvo512_sq8192_skv8192_causal,0,unknown,engine,skipped,,False,,Failed to get ranked engine ids: No engine configurations available for the graph.
gfx950,cudnn_frontend_attention_inference,dsv4_pro-tp4__generation_idx100_b1_hq32_kv1_dqk512_dvo512_sq1_skv131072_causal,0,unknown,engine,skipped,,False,,Failed to get ranked engine ids: No engine configurations available for the graph.
gfx950,cudnn_frontend_attention_inference,dsv4_pro-tp4__generation_idx101_b128_hq32_kv1_dqk512_dvo512_sq1_skv131072_causal,0,unknown,engine,skipped,,False,,Failed to get ranked engine ids: No engine configurations available for the graph.
gfx950,cudnn_frontend_attention_inference,dsv4_pro-tp4__generation_idx102_b1_hq32_kv1_dqk512_dvo512_sq2_skv131072_causal,0,unknown,engine,skipped,,False,,Failed to get ranked engine ids: No engine configurations available for the graph.
gfx950,cudnn_frontend_attention_inference,dsv4_pro-tp4__generation_idx103_b128_hq32_kv1_dqk512_dvo512_sq2_skv131072_causal,0,unknown,engine,skipped,,False,,Failed to get ranked engine ids: No engine configurations available for the graph.
gfx950,cudnn_frontend_attention_inference,dsv4_pro-tp4__generation_idx104_b1_hq32_kv1_dqk512_dvo512_sq3_skv131072_causal,0,unknown,engine,skipped,,False,,Failed to get ranked engine ids: No engine configurations available for the graph.
gfx950,cudnn_frontend_attention_inference,dsv4_pro-tp4__generation_idx105_b128_hq32_kv1_dqk512_dvo512_sq3_skv131072_causal,0,unknown,engine,skipped,,False,,Failed to get ranked engine ids: No engine configurations available for the graph.
gfx950,cudnn_frontend_attention_inference,dsv4_pro-tp4__generation_idx106_b1_hq32_kv1_dqk512_dvo512_sq4_skv131072_causal,0,unknown,engine,skipped,,False,,Failed to get ranked engine ids: No engine configurations available for the graph.
gfx950,cudnn_frontend_attention_inference,dsv4_pro-tp4__generation_idx107_b128_hq32_kv1_dqk512_dvo512_sq4_skv131072_causal,0,unknown,engine,skipped,,False,,Failed to get ranked engine ids: No engine configurations available for the graph.
gfx950,cudnn_frontend_attention_inference,dsv4_pro-tp8__context_chunked_idx110_b1_hq16_kv1_dqk512_dvo512_sq512_skv65536_causal,0,unknown,engine,skipped,,False,,Failed to get ranked engine ids: No engine configurations available for the graph.
gfx950,cudnn_frontend_attention_inference,dsv4_pro-tp8__context_chunked_idx111_b1_hq16_kv1_dqk512_dvo512_sq512_skv131072_causal,0,unknown,engine,skipped,,False,,Failed to get ranked engine ids: No engine configurations available for the graph.
gfx950,cudnn_frontend_attention_inference,dsv4_pro-tp8__context_chunked_idx112_b1_hq16_kv1_dqk512_dvo512_sq1024_skv65536_causal,0,unknown,engine,skipped,,False,,Failed to get ranked engine ids: No engine configurations available for the graph.
gfx950,cudnn_frontend_attention_inference,dsv4_pro-tp8__context_chunked_idx113_b1_hq16_kv1_dqk512_dvo512_sq1024_skv131072_causal,0,unknown,engine,skipped,,False,,Failed to get ranked engine ids: No engine configurations available for the graph.
gfx950,cudnn_frontend_attention_inference,dsv4_pro-tp8__context_full_idx108_b1_hq16_kv1_dqk512_dvo512_sq2048_skv2048_causal,0,unknown,engine,skipped,,False,,Failed to get ranked engine ids: No engine configurations available for the graph.
gfx950,cudnn_frontend_attention_inference,dsv4_pro-tp8__context_full_idx109_b1_hq16_kv1_dqk512_dvo512_sq8192_skv8192_causal,0,unknown,engine,skipped,,False,,Failed to get ranked engine ids: No engine configurations available for the graph.
gfx950,cudnn_frontend_attention_inference,dsv4_pro-tp8__generation_idx114_b1_hq16_kv1_dqk512_dvo512_sq1_skv131072_causal,0,unknown,engine,skipped,,False,,Failed to get ranked engine ids: No engine configurations available for the graph.
gfx950,cudnn_frontend_attention_inference,dsv4_pro-tp8__generation_idx115_b128_hq16_kv1_dqk512_dvo512_sq1_skv131072_causal,0,unknown,engine,skipped,,False,,Failed to get ranked engine ids: No engine configurations available for the graph.
gfx950,cudnn_frontend_attention_inference,dsv4_pro-tp8__generation_idx116_b1_hq16_kv1_dqk512_dvo512_sq2_skv131072_causal,0,unknown,engine,skipped,,False,,Failed to get ranked engine ids: No engine configurations available for the graph.
gfx950,cudnn_frontend_attention_inference,dsv4_pro-tp8__generation_idx117_b128_hq16_kv1_dqk512_dvo512_sq2_skv131072_causal,0,unknown,engine,skipped,,False,,Failed to get ranked engine ids: No engine configurations available for the graph.
gfx950,cudnn_frontend_attention_inference,dsv4_pro-tp8__generation_idx118_b1_hq16_kv1_dqk512_dvo512_sq3_skv131072_causal,0,unknown,engine,skipped,,False,,Failed to get ranked engine ids: No engine configurations available for the graph.
gfx950,cudnn_frontend_attention_inference,dsv4_pro-tp8__generation_idx119_b128_hq16_kv1_dqk512_dvo512_sq3_skv131072_causal,0,unknown,engine,skipped,,False,,Failed to get ranked engine ids: No engine configurations available for the graph.
gfx950,cudnn_frontend_attention_inference,dsv4_pro-tp8__generation_idx120_b1_hq16_kv1_dqk512_dvo512_sq4_skv131072_causal,0,unknown,engine,skipped,,False,,Failed to get ranked engine ids: No engine configurations available for the graph.
gfx950,cudnn_frontend_attention_inference,dsv4_pro-tp8__generation_idx121_b128_hq16_kv1_dqk512_dvo512_sq4_skv131072_causal,0,unknown,engine,skipped,,False,,Failed to get ranked engine ids: No engine configurations available for the graph.
gfx950,cudnn_frontend_attention_inference,dsv4_pro__context_chunked_idx68_b1_hq128_kv1_dqk512_dvo512_sq512_skv65536_causal,0,unknown,engine,skipped,,False,,Failed to get ranked engine ids: No engine configurations available for the graph.
gfx950,cudnn_frontend_attention_inference,dsv4_pro__context_chunked_idx69_b1_hq128_kv1_dqk512_dvo512_sq512_skv131072_causal,0,unknown,engine,skipped,,False,,Failed to get ranked engine ids: No engine configurations available for the graph.
gfx950,cudnn_frontend_attention_inference,dsv4_pro__context_chunked_idx70_b1_hq128_kv1_dqk512_dvo512_sq1024_skv65536_causal,0,unknown,engine,skipped,,False,,Failed to get ranked engine ids: No engine configurations available for the graph.
gfx950,cudnn_frontend_attention_inference,dsv4_pro__context_chunked_idx71_b1_hq128_kv1_dqk512_dvo512_sq1024_skv131072_causal,0,unknown,engine,skipped,,False,,Failed to get ranked engine ids: No engine configurations available for the graph.
gfx950,cudnn_frontend_attention_inference,dsv4_pro__context_full_idx66_b1_hq128_kv1_dqk512_dvo512_sq2048_skv2048_causal,0,unknown,engine,skipped,,False,,Failed to get ranked engine ids: No engine configurations available for the graph.
gfx950,cudnn_frontend_attention_inference,dsv4_pro__context_full_idx67_b1_hq128_kv1_dqk512_dvo512_sq8192_skv8192_causal,0,unknown,engine,skipped,,False,,Failed to get ranked engine ids: No engine configurations available for the graph.
gfx950,cudnn_frontend_attention_inference,dsv4_pro__generation_idx72_b1_hq128_kv1_dqk512_dvo512_sq1_skv131072_causal,0,unknown,engine,skipped,,False,,Failed to get ranked engine ids: No engine configurations available for the graph.
gfx950,cudnn_frontend_attention_inference,dsv4_pro__generation_idx73_b128_hq128_kv1_dqk512_dvo512_sq1_skv131072_causal,0,unknown,engine,skipped,,False,,Failed to get ranked engine ids: No engine configurations available for the graph.
gfx950,cudnn_frontend_attention_inference,dsv4_pro__generation_idx74_b1_hq128_kv1_dqk512_dvo512_sq2_skv131072_causal,0,unknown,engine,skipped,,False,,Failed to get ranked engine ids: No engine configurations available for the graph.
gfx950,cudnn_frontend_attention_inference,dsv4_pro__generation_idx75_b128_hq128_kv1_dqk512_dvo512_sq2_skv131072_causal,0,unknown,engine,skipped,,False,,Failed to get ranked engine ids: No engine configurations available for the graph.
gfx950,cudnn_frontend_attention_inference,dsv4_pro__generation_idx76_b1_hq128_kv1_dqk512_dvo512_sq3_skv131072_causal,0,unknown,engine,skipped,,False,,Failed to get ranked engine ids: No engine configurations available for the graph.
gfx950,cudnn_frontend_attention_inference,dsv4_pro__generation_idx77_b128_hq128_kv1_dqk512_dvo512_sq3_skv131072_causal,0,unknown,engine,skipped,,False,,Failed to get ranked engine ids: No engine configurations available for the graph.
gfx950,cudnn_frontend_attention_inference,dsv4_pro__generation_idx78_b1_hq128_kv1_dqk512_dvo512_sq4_skv131072_causal,0,unknown,engine,skipped,,False,,Failed to get ranked engine ids: No engine configurations available for the graph.
gfx950,cudnn_frontend_attention_inference,dsv4_pro__generation_idx79_b128_hq128_kv1_dqk512_dvo512_sq4_skv131072_causal,0,unknown,engine,skipped,,False,,Failed to get ranked engine ids: No engine configurations available for the graph.
gfx950,cudnn_frontend_attention_inference,gpt_oss_full-tp2__context_chunked_idx200_b1_hq32_kv4_dqk64_dvo64_sq512_skv65536_causal,0,unknown,engine,skipped,,False,,Failed to get ranked engine ids: No engine configurations available for the graph.
gfx950,cudnn_frontend_attention_inference,gpt_oss_full-tp2__context_chunked_idx201_b1_hq32_kv4_dqk64_dvo64_sq512_skv131072_causal,0,unknown,engine,skipped,,False,,Failed to get ranked engine ids: No engine configurations available for the graph.
gfx950,cudnn_frontend_attention_inference,gpt_oss_full-tp2__context_chunked_idx202_b1_hq32_kv4_dqk64_dvo64_sq1024_skv65536_causal,0,unknown,engine,skipped,,False,,Failed to get ranked engine ids: No engine configurations available for the graph.
gfx950,cudnn_frontend_attention_inference,gpt_oss_full-tp2__context_chunked_idx203_b1_hq32_kv4_dqk64_dvo64_sq1024_skv131072_causal,0,unknown,engine,skipped,,False,,Failed to get ranked engine ids: No engine configurations available for the graph.
gfx950,cudnn_frontend_attention_inference,gpt_oss_full-tp2__context_full_idx197_b1_hq32_kv4_dqk64_dvo64_sq2048_skv2048_causal,0,unknown,engine,skipped,,False,,Failed to get ranked engine ids: No engine configurations available for the graph.
gfx950,cudnn_frontend_attention_inference,gpt_oss_full-tp2__context_full_idx198_b1_hq32_kv4_dqk64_dvo64_sq8192_skv8192_causal,0,unknown,engine,skipped,,False,,Failed to get ranked engine ids: No engine configurations available for the graph.
gfx950,cudnn_frontend_attention_inference,gpt_oss_full-tp2__context_full_idx199_b1_hq32_kv4_dqk64_dvo64_sq32768_skv32768_causal,0,unknown,engine,skipped,,False,,Failed to get ranked engine ids: No engine configurations available for the graph.
gfx950,cudnn_frontend_attention_inference,gpt_oss_full-tp2__generation_idx204_b1_hq32_kv4_dqk64_dvo64_sq1_skv131072_causal,0,unknown,engine,skipped,,False,,Failed to get ranked engine ids: No engine configurations available for the graph.
gfx950,cudnn_frontend_attention_inference,gpt_oss_full-tp2__generation_idx205_b128_hq32_kv4_dqk64_dvo64_sq1_skv131072_causal,0,unknown,engine,skipped,,False,,Failed to get ranked engine ids: No engine configurations available for the graph.
gfx950,cudnn_frontend_attention_inference,gpt_oss_full-tp2__generation_idx206_b1_hq32_kv4_dqk64_dvo64_sq2_skv131072_causal,0,unknown,engine,skipped,,False,,Failed to get ranked engine ids: No engine configurations available for the graph.
gfx950,cudnn_frontend_attention_inference,gpt_oss_full-tp2__generation_idx207_b128_hq32_kv4_dqk64_dvo64_sq2_skv131072_causal,0,unknown,engine,skipped,,False,,Failed to get ranked engine ids: No engine configurations available for the graph.
gfx950,cudnn_frontend_attention_inference,gpt_oss_full-tp2__generation_idx208_b1_hq32_kv4_dqk64_dvo64_sq3_skv131072_causal,0,unknown,engine,skipped,,False,,Failed to get ranked engine ids: No engine configurations available for the graph.
gfx950,cudnn_frontend_attention_inference,gpt_oss_full-tp2__generation_idx209_b128_hq32_kv4_dqk64_dvo64_sq3_skv131072_causal,0,unknown,engine,skipped,,False,,Failed to get ranked engine ids: No engine configurations available for the graph.
gfx950,cudnn_frontend_attention_inference,gpt_oss_full-tp2__generation_idx210_b1_hq32_kv4_dqk64_dvo64_sq4_skv131072_causal,0,unknown,engine,skipped,,False,,Failed to get ranked engine ids: No engine configurations available for the graph.
gfx950,cudnn_frontend_attention_inference,gpt_oss_full-tp2__generation_idx211_b128_hq32_kv4_dqk64_dvo64_sq4_skv131072_causal,0,unknown,engine,skipped,,False,,Failed to get ranked engine ids: No engine configurations available for the graph.
gfx950,cudnn_frontend_attention_inference,gpt_oss_full-tp4__context_chunked_idx215_b1_hq16_kv2_dqk64_dvo64_sq512_skv65536_causal,0,unknown,engine,skipped,,False,,Failed to get ranked engine ids: No engine configurations available for the graph.
gfx950,cudnn_frontend_attention_inference,gpt_oss_full-tp4__context_chunked_idx216_b1_hq16_kv2_dqk64_dvo64_sq512_skv131072_causal,0,unknown,engine,skipped,,False,,Failed to get ranked engine ids: No engine configurations available for the graph.
gfx950,cudnn_frontend_attention_inference,gpt_oss_full-tp4__context_chunked_idx217_b1_hq16_kv2_dqk64_dvo64_sq1024_skv65536_causal,0,unknown,engine,skipped,,False,,Failed to get ranked engine ids: No engine configurations available for the graph.
gfx950,cudnn_frontend_attention_inference,gpt_oss_full-tp4__context_chunked_idx218_b1_hq16_kv2_dqk64_dvo64_sq1024_skv131072_causal,0,unknown,engine,skipped,,False,,Failed to get ranked engine ids: No engine configurations available for the graph.
gfx950,cudnn_frontend_attention_inference,gpt_oss_full-tp4__context_full_idx212_b1_hq16_kv2_dqk64_dvo64_sq2048_skv2048_causal,0,unknown,engine,skipped,,False,,Failed to get ranked engine ids: No engine configurations available for the graph.
gfx950,cudnn_frontend_attention_inference,gpt_oss_full-tp4__context_full_idx213_b1_hq16_kv2_dqk64_dvo64_sq8192_skv8192_causal,0,unknown,engine,skipped,,False,,Failed to get ranked engine ids: No engine configurations available for the graph.
gfx950,cudnn_frontend_attention_inference,gpt_oss_full-tp4__context_full_idx214_b1_hq16_kv2_dqk64_dvo64_sq32768_skv32768_causal,0,unknown,engine,skipped,,False,,Failed to get ranked engine ids: No engine configurations available for the graph.
gfx950,cudnn_frontend_attention_inference,gpt_oss_full-tp4__generation_idx219_b1_hq16_kv2_dqk64_dvo64_sq1_skv131072_causal,0,unknown,engine,skipped,,False,,Failed to get ranked engine ids: No engine configurations available for the graph.
gfx950,cudnn_frontend_attention_inference,gpt_oss_full-tp4__generation_idx220_b128_hq16_kv2_dqk64_dvo64_sq1_skv131072_causal,0,unknown,engine,skipped,,False,,Failed to get ranked engine ids: No engine configurations available for the graph.
gfx950,cudnn_frontend_attention_inference,gpt_oss_full-tp4__generation_idx221_b1_hq16_kv2_dqk64_dvo64_sq2_skv131072_causal,0,unknown,engine,skipped,,False,,Failed to get ranked engine ids: No engine configurations available for the graph.
gfx950,cudnn_frontend_attention_inference,gpt_oss_full-tp4__generation_idx222_b128_hq16_kv2_dqk64_dvo64_sq2_skv131072_causal,0,unknown,engine,skipped,,False,,Failed to get ranked engine ids: No engine configurations available for the graph.
gfx950,cudnn_frontend_attention_inference,gpt_oss_full-tp4__generation_idx223_b1_hq16_kv2_dqk64_dvo64_sq3_skv131072_causal,0,unknown,engine,skipped,,False,,Failed to get ranked engine ids: No engine configurations available for the graph.
gfx950,cudnn_frontend_attention_inference,gpt_oss_full-tp4__generation_idx224_b128_hq16_kv2_dqk64_dvo64_sq3_skv131072_causal,0,unknown,engine,skipped,,False,,Failed to get ranked engine ids: No engine configurations available for the graph.
gfx950,cudnn_frontend_attention_inference,gpt_oss_full-tp4__generation_idx225_b1_hq16_kv2_dqk64_dvo64_sq4_skv131072_causal,0,unknown,engine,skipped,,False,,Failed to get ranked engine ids: No engine configurations available for the graph.
gfx950,cudnn_frontend_attention_inference,gpt_oss_full-tp4__generation_idx226_b128_hq16_kv2_dqk64_dvo64_sq4_skv131072_causal,0,unknown,engine,skipped,,False,,Failed to get ranked engine ids: No engine configurations available for the graph.
gfx950,cudnn_frontend_attention_inference,gpt_oss_full-tp8__context_chunked_idx230_b1_hq8_kv1_dqk64_dvo64_sq512_skv65536_causal,0,unknown,engine,skipped,,False,,Failed to get ranked engine ids: No engine configurations available for the graph.
gfx950,cudnn_frontend_attention_inference,gpt_oss_full-tp8__context_chunked_idx231_b1_hq8_kv1_dqk64_dvo64_sq512_skv131072_causal,0,unknown,engine,skipped,,False,,Failed to get ranked engine ids: No engine configurations available for the graph.
gfx950,cudnn_frontend_attention_inference,gpt_oss_full-tp8__context_chunked_idx232_b1_hq8_kv1_dqk64_dvo64_sq1024_skv65536_causal,0,unknown,engine,skipped,,False,,Failed to get ranked engine ids: No engine configurations available for the graph.
gfx950,cudnn_frontend_attention_inference,gpt_oss_full-tp8__context_chunked_idx233_b1_hq8_kv1_dqk64_dvo64_sq1024_skv131072_causal,0,unknown,engine,skipped,,False,,Failed to get ranked engine ids: No engine configurations available for the graph.
gfx950,cudnn_frontend_attention_inference,gpt_oss_full-tp8__context_full_idx227_b1_hq8_kv1_dqk64_dvo64_sq2048_skv2048_causal,0,unknown,engine,skipped,,False,,Failed to get ranked engine ids: No engine configurations available for the graph.
gfx950,cudnn_frontend_attention_inference,gpt_oss_full-tp8__context_full_idx228_b1_hq8_kv1_dqk64_dvo64_sq8192_skv8192_causal,0,unknown,engine,skipped,,False,,Failed to get ranked engine ids: No engine configurations available for the graph.
gfx950,cudnn_frontend_attention_inference,gpt_oss_full-tp8__context_full_idx229_b1_hq8_kv1_dqk64_dvo64_sq32768_skv32768_causal,0,unknown,engine,skipped,,False,,Failed to get ranked engine ids: No engine configurations available for the graph.
gfx950,cudnn_frontend_attention_inference,gpt_oss_full-tp8__generation_idx234_b1_hq8_kv1_dqk64_dvo64_sq1_skv131072_causal,0,unknown,engine,skipped,,False,,Failed to get ranked engine ids: No engine configurations available for the graph.
gfx950,cudnn_frontend_attention_inference,gpt_oss_full-tp8__generation_idx235_b128_hq8_kv1_dqk64_dvo64_sq1_skv131072_causal,0,unknown,engine,skipped,,False,,Failed to get ranked engine ids: No engine configurations available for the graph.
gfx950,cudnn_frontend_attention_inference,gpt_oss_full-tp8__generation_idx236_b1_hq8_kv1_dqk64_dvo64_sq2_skv131072_causal,0,unknown,engine,skipped,,False,,Failed to get ranked engine ids: No engine configurations available for the graph.
gfx950,cudnn_frontend_attention_inference,gpt_oss_full-tp8__generation_idx237_b128_hq8_kv1_dqk64_dvo64_sq2_skv131072_causal,0,unknown,engine,skipped,,False,,Failed to get ranked engine ids: No engine configurations available for the graph.
gfx950,cudnn_frontend_attention_inference,gpt_oss_full-tp8__generation_idx238_b1_hq8_kv1_dqk64_dvo64_sq3_skv131072_causal,0,unknown,engine,skipped,,False,,Failed to get ranked engine ids: No engine configurations available for the graph.
gfx950,cudnn_frontend_attention_inference,gpt_oss_full-tp8__generation_idx239_b128_hq8_kv1_dqk64_dvo64_sq3_skv131072_causal,0,unknown,engine,skipped,,False,,Failed to get ranked engine ids: No engine configurations available for the graph.
gfx950,cudnn_frontend_attention_inference,gpt_oss_full-tp8__generation_idx240_b1_hq8_kv1_dqk64_dvo64_sq4_skv131072_causal,0,unknown,engine,skipped,,False,,Failed to get ranked engine ids: No engine configurations available for the graph.
gfx950,cudnn_frontend_attention_inference,gpt_oss_full-tp8__generation_idx241_b128_hq8_kv1_dqk64_dvo64_sq4_skv131072_causal,0,unknown,engine,skipped,,False,,Failed to get ranked engine ids: No engine configurations available for the graph.
gfx950,cudnn_frontend_attention_inference,gpt_oss_full__context_chunked_idx185_b1_hq64_kv8_dqk64_dvo64_sq512_skv65536_causal,0,unknown,engine,skipped,,False,,Failed to get ranked engine ids: No engine configurations available for the graph.
gfx950,cudnn_frontend_attention_inference,gpt_oss_full__context_chunked_idx186_b1_hq64_kv8_dqk64_dvo64_sq512_skv131072_causal,0,unknown,engine,skipped,,False,,Failed to get ranked engine ids: No engine configurations available for the graph.
gfx950,cudnn_frontend_attention_inference,gpt_oss_full__context_chunked_idx187_b1_hq64_kv8_dqk64_dvo64_sq1024_skv65536_causal,0,unknown,engine,skipped,,False,,Failed to get ranked engine ids: No engine configurations available for the graph.
gfx950,cudnn_frontend_attention_inference,gpt_oss_full__context_chunked_idx188_b1_hq64_kv8_dqk64_dvo64_sq1024_skv131072_causal,0,unknown,engine,skipped,,False,,Failed to get ranked engine ids: No engine configurations available for the graph.
gfx950,cudnn_frontend_attention_inference,gpt_oss_full__context_full_idx182_b1_hq64_kv8_dqk64_dvo64_sq2048_skv2048_causal,0,unknown,engine,skipped,,False,,Failed to get ranked engine ids: No engine configurations available for the graph.
gfx950,cudnn_frontend_attention_inference,gpt_oss_full__context_full_idx183_b1_hq64_kv8_dqk64_dvo64_sq8192_skv8192_causal,0,unknown,engine,skipped,,False,,Failed to get ranked engine ids: No engine configurations available for the graph.
gfx950,cudnn_frontend_attention_inference,gpt_oss_full__context_full_idx184_b1_hq64_kv8_dqk64_dvo64_sq32768_skv32768_causal,0,unknown,engine,skipped,,False,,Failed to get ranked engine ids: No engine configurations available for the graph.
gfx950,cudnn_frontend_attention_inference,gpt_oss_full__generation_idx189_b1_hq64_kv8_dqk64_dvo64_sq1_skv131072_causal,0,unknown,engine,skipped,,False,,Failed to get ranked engine ids: No engine configurations available for the graph.
gfx950,cudnn_frontend_attention_inference,gpt_oss_full__generation_idx190_b128_hq64_kv8_dqk64_dvo64_sq1_skv131072_causal,0,unknown,engine,skipped,,False,,Failed to get ranked engine ids: No engine configurations available for the graph.
gfx950,cudnn_frontend_attention_inference,gpt_oss_full__generation_idx191_b1_hq64_kv8_dqk64_dvo64_sq2_skv131072_causal,0,unknown,engine,skipped,,False,,Failed to get ranked engine ids: No engine configurations available for the graph.
gfx950,cudnn_frontend_attention_inference,gpt_oss_full__generation_idx192_b128_hq64_kv8_dqk64_dvo64_sq2_skv131072_causal,0,unknown,engine,skipped,,False,,Failed to get ranked engine ids: No engine configurations available for the graph.
gfx950,cudnn_frontend_attention_inference,gpt_oss_full__generation_idx193_b1_hq64_kv8_dqk64_dvo64_sq3_skv131072_causal,0,unknown,engine,skipped,,False,,Failed to get ranked engine ids: No engine configurations available for the graph.
gfx950,cudnn_frontend_attention_inference,gpt_oss_full__generation_idx194_b128_hq64_kv8_dqk64_dvo64_sq3_skv131072_causal,0,unknown,engine,skipped,,False,,Failed to get ranked engine ids: No engine configurations available for the graph.
gfx950,cudnn_frontend_attention_inference,gpt_oss_full__generation_idx195_b1_hq64_kv8_dqk64_dvo64_sq4_skv131072_causal,0,unknown,engine,skipped,,False,,Failed to get ranked engine ids: No engine configurations available for the graph.
gfx950,cudnn_frontend_attention_inference,gpt_oss_full__generation_idx196_b128_hq64_kv8_dqk64_dvo64_sq4_skv131072_causal,0,unknown,engine,skipped,,False,,Failed to get ranked engine ids: No engine configurations available for the graph.
gfx950,cudnn_frontend_attention_inference,gpt_oss_swa-tp2__context_chunked_idx140_b1_hq32_kv4_dqk64_dvo64_sq512_skv65536_causal,0,unknown,engine,skipped,,False,,Failed to get ranked engine ids: No engine configurations available for the graph.
gfx950,cudnn_frontend_attention_inference,gpt_oss_swa-tp2__context_chunked_idx141_b1_hq32_kv4_dqk64_dvo64_sq512_skv131072_causal,0,unknown,engine,skipped,,False,,Failed to get ranked engine ids: No engine configurations available for the graph.
gfx950,cudnn_frontend_attention_inference,gpt_oss_swa-tp2__context_chunked_idx142_b1_hq32_kv4_dqk64_dvo64_sq1024_skv65536_causal,0,unknown,engine,skipped,,False,,Failed to get ranked engine ids: No engine configurations available for the graph.
gfx950,cudnn_frontend_attention_inference,gpt_oss_swa-tp2__context_chunked_idx143_b1_hq32_kv4_dqk64_dvo64_sq1024_skv131072_causal,0,unknown,engine,skipped,,False,,Failed to get ranked engine ids: No engine configurations available for the graph.
gfx950,cudnn_frontend_attention_inference,gpt_oss_swa-tp2__context_full_idx137_b1_hq32_kv4_dqk64_dvo64_sq2048_skv2048_causal,0,unknown,engine,skipped,,False,,Failed to get ranked engine ids: No engine configurations available for the graph.
gfx950,cudnn_frontend_attention_inference,gpt_oss_swa-tp2__context_full_idx138_b1_hq32_kv4_dqk64_dvo64_sq8192_skv8192_causal,0,unknown,engine,skipped,,False,,Failed to get ranked engine ids: No engine configurations available for the graph.
gfx950,cudnn_frontend_attention_inference,gpt_oss_swa-tp2__context_full_idx139_b1_hq32_kv4_dqk64_dvo64_sq32768_skv32768_causal,0,unknown,engine,skipped,,False,,Failed to get ranked engine ids: No engine configurations available for the graph.
gfx950,cudnn_frontend_attention_inference,gpt_oss_swa-tp2__generation_idx144_b1_hq32_kv4_dqk64_dvo64_sq1_skv131072_causal,0,unknown,engine,skipped,,False,,Failed to get ranked engine ids: No engine configurations available for the graph.
gfx950,cudnn_frontend_attention_inference,gpt_oss_swa-tp2__generation_idx145_b128_hq32_kv4_dqk64_dvo64_sq1_skv131072_causal,0,unknown,engine,skipped,,False,,Failed to get ranked engine ids: No engine configurations available for the graph.
gfx950,cudnn_frontend_attention_inference,gpt_oss_swa-tp2__generation_idx146_b1_hq32_kv4_dqk64_dvo64_sq2_skv131072_causal,0,unknown,engine,skipped,,False,,Failed to get ranked engine ids: No engine configurations available for the graph.
gfx950,cudnn_frontend_attention_inference,gpt_oss_swa-tp2__generation_idx147_b128_hq32_kv4_dqk64_dvo64_sq2_skv131072_causal,0,unknown,engine,skipped,,False,,Failed to get ranked engine ids: No engine configurations available for the graph.
gfx950,cudnn_frontend_attention_inference,gpt_oss_swa-tp2__generation_idx148_b1_hq32_kv4_dqk64_dvo64_sq3_skv131072_causal,0,unknown,engine,skipped,,False,,Failed to get ranked engine ids: No engine configurations available for the graph.
gfx950,cudnn_frontend_attention_inference,gpt_oss_swa-tp2__generation_idx149_b128_hq32_kv4_dqk64_dvo64_sq3_skv131072_causal,0,unknown,engine,skipped,,False,,Failed to get ranked engine ids: No engine configurations available for the graph.
gfx950,cudnn_frontend_attention_inference,gpt_oss_swa-tp2__generation_idx150_b1_hq32_kv4_dqk64_dvo64_sq4_skv131072_causal,0,unknown,engine,skipped,,False,,Failed to get ranked engine ids: No engine configurations available for the graph.
gfx950,cudnn_frontend_attention_inference,gpt_oss_swa-tp2__generation_idx151_b128_hq32_kv4_dqk64_dvo64_sq4_skv131072_causal,0,unknown,engine,skipped,,False,,Failed to get ranked engine ids: No engine configurations available for the graph.
gfx950,cudnn_frontend_attention_inference,gpt_oss_swa-tp4__context_chunked_idx155_b1_hq16_kv2_dqk64_dvo64_sq512_skv65536_causal,0,unknown,engine,skipped,,False,,Failed to get ranked engine ids: No engine configurations available for the graph.
gfx950,cudnn_frontend_attention_inference,gpt_oss_swa-tp4__context_chunked_idx156_b1_hq16_kv2_dqk64_dvo64_sq512_skv131072_causal,0,unknown,engine,skipped,,False,,Failed to get ranked engine ids: No engine configurations available for the graph.
gfx950,cudnn_frontend_attention_inference,gpt_oss_swa-tp4__context_chunked_idx157_b1_hq16_kv2_dqk64_dvo64_sq1024_skv65536_causal,0,unknown,engine,skipped,,False,,Failed to get ranked engine ids: No engine configurations available for the graph.
gfx950,cudnn_frontend_attention_inference,gpt_oss_swa-tp4__context_chunked_idx158_b1_hq16_kv2_dqk64_dvo64_sq1024_skv131072_causal,0,unknown,engine,skipped,,False,,Failed to get ranked engine ids: No engine configurations available for the graph.
gfx950,cudnn_frontend_attention_inference,gpt_oss_swa-tp4__context_full_idx152_b1_hq16_kv2_dqk64_dvo64_sq2048_skv2048_causal,0,unknown,engine,skipped,,False,,Failed to get ranked engine ids: No engine configurations available for the graph.
gfx950,cudnn_frontend_attention_inference,gpt_oss_swa-tp4__context_full_idx153_b1_hq16_kv2_dqk64_dvo64_sq8192_skv8192_causal,0,unknown,engine,skipped,,False,,Failed to get ranked engine ids: No engine configurations available for the graph.
gfx950,cudnn_frontend_attention_inference,gpt_oss_swa-tp4__context_full_idx154_b1_hq16_kv2_dqk64_dvo64_sq32768_skv32768_causal,0,unknown,engine,skipped,,False,,Failed to get ranked engine ids: No engine configurations available for the graph.
gfx950,cudnn_frontend_attention_inference,gpt_oss_swa-tp4__generation_idx159_b1_hq16_kv2_dqk64_dvo64_sq1_skv131072_causal,0,unknown,engine,skipped,,False,,Failed to get ranked engine ids: No engine configurations available for the graph.
gfx950,cudnn_frontend_attention_inference,gpt_oss_swa-tp4__generation_idx160_b128_hq16_kv2_dqk64_dvo64_sq1_skv131072_causal,0,unknown,engine,skipped,,False,,Failed to get ranked engine ids: No engine configurations available for the graph.
gfx950,cudnn_frontend_attention_inference,gpt_oss_swa-tp4__generation_idx161_b1_hq16_kv2_dqk64_dvo64_sq2_skv131072_causal,0,unknown,engine,skipped,,False,,Failed to get ranked engine ids: No engine configurations available for the graph.
gfx950,cudnn_frontend_attention_inference,gpt_oss_swa-tp4__generation_idx162_b128_hq16_kv2_dqk64_dvo64_sq2_skv131072_causal,0,unknown,engine,skipped,,False,,Failed to get ranked engine ids: No engine configurations available for the graph.
gfx950,cudnn_frontend_attention_inference,gpt_oss_swa-tp4__generation_idx163_b1_hq16_kv2_dqk64_dvo64_sq3_skv131072_causal,0,unknown,engine,skipped,,False,,Failed to get ranked engine ids: No engine configurations available for the graph.
gfx950,cudnn_frontend_attention_inference,gpt_oss_swa-tp4__generation_idx164_b128_hq16_kv2_dqk64_dvo64_sq3_skv131072_causal,0,unknown,engine,skipped,,False,,Failed to get ranked engine ids: No engine configurations available for the graph.
gfx950,cudnn_frontend_attention_inference,gpt_oss_swa-tp4__generation_idx165_b1_hq16_kv2_dqk64_dvo64_sq4_skv131072_causal,0,unknown,engine,skipped,,False,,Failed to get ranked engine ids: No engine configurations available for the graph.
gfx950,cudnn_frontend_attention_inference,gpt_oss_swa-tp4__generation_idx166_b128_hq16_kv2_dqk64_dvo64_sq4_skv131072_causal,0,unknown,engine,skipped,,False,,Failed to get ranked engine ids: No engine configurations available for the graph.
gfx950,cudnn_frontend_attention_inference,gpt_oss_swa-tp8__context_chunked_idx170_b1_hq8_kv1_dqk64_dvo64_sq512_skv65536_causal,0,unknown,engine,skipped,,False,,Failed to get ranked engine ids: No engine configurations available for the graph.
gfx950,cudnn_frontend_attention_inference,gpt_oss_swa-tp8__context_chunked_idx171_b1_hq8_kv1_dqk64_dvo64_sq512_skv131072_causal,0,unknown,engine,skipped,,False,,Failed to get ranked engine ids: No engine configurations available for the graph.
gfx950,cudnn_frontend_attention_inference,gpt_oss_swa-tp8__context_chunked_idx172_b1_hq8_kv1_dqk64_dvo64_sq1024_skv65536_causal,0,unknown,engine,skipped,,False,,Failed to get ranked engine ids: No engine configurations available for the graph.
gfx950,cudnn_frontend_attention_inference,gpt_oss_swa-tp8__context_chunked_idx173_b1_hq8_kv1_dqk64_dvo64_sq1024_skv131072_causal,0,unknown,engine,skipped,,False,,Failed to get ranked engine ids: No engine configurations available for the graph.
gfx950,cudnn_frontend_attention_inference,gpt_oss_swa-tp8__context_full_idx167_b1_hq8_kv1_dqk64_dvo64_sq2048_skv2048_causal,0,unknown,engine,skipped,,False,,Failed to get ranked engine ids: No engine configurations available for the graph.
gfx950,cudnn_frontend_attention_inference,gpt_oss_swa-tp8__context_full_idx168_b1_hq8_kv1_dqk64_dvo64_sq8192_skv8192_causal,0,unknown,engine,skipped,,False,,Failed to get ranked engine ids: No engine configurations available for the graph.
gfx950,cudnn_frontend_attention_inference,gpt_oss_swa-tp8__context_full_idx169_b1_hq8_kv1_dqk64_dvo64_sq32768_skv32768_causal,0,unknown,engine,skipped,,False,,Failed to get ranked engine ids: No engine configurations available for the graph.
gfx950,cudnn_frontend_attention_inference,gpt_oss_swa-tp8__generation_idx174_b1_hq8_kv1_dqk64_dvo64_sq1_skv131072_causal,0,unknown,engine,skipped,,False,,Failed to get ranked engine ids: No engine configurations available for the graph.
gfx950,cudnn_frontend_attention_inference,gpt_oss_swa-tp8__generation_idx175_b128_hq8_kv1_dqk64_dvo64_sq1_skv131072_causal,0,unknown,engine,skipped,,False,,Failed to get ranked engine ids: No engine configurations available for the graph.
gfx950,cudnn_frontend_attention_inference,gpt_oss_swa-tp8__generation_idx176_b1_hq8_kv1_dqk64_dvo64_sq2_skv131072_causal,0,unknown,engine,skipped,,False,,Failed to get ranked engine ids: No engine configurations available for the graph.
gfx950,cudnn_frontend_attention_inference,gpt_oss_swa-tp8__generation_idx177_b128_hq8_kv1_dqk64_dvo64_sq2_skv131072_causal,0,unknown,engine,skipped,,False,,Failed to get ranked engine ids: No engine configurations available for the graph.
gfx950,cudnn_frontend_attention_inference,gpt_oss_swa-tp8__generation_idx178_b1_hq8_kv1_dqk64_dvo64_sq3_skv131072_causal,0,unknown,engine,skipped,,False,,Failed to get ranked engine ids: No engine configurations available for the graph.
gfx950,cudnn_frontend_attention_inference,gpt_oss_swa-tp8__generation_idx179_b128_hq8_kv1_dqk64_dvo64_sq3_skv131072_causal,0,unknown,engine,skipped,,False,,Failed to get ranked engine ids: No engine configurations available for the graph.
gfx950,cudnn_frontend_attention_inference,gpt_oss_swa-tp8__generation_idx180_b1_hq8_kv1_dqk64_dvo64_sq4_skv131072_causal,0,unknown,engine,skipped,,False,,Failed to get ranked engine ids: No engine configurations available for the graph.
gfx950,cudnn_frontend_attention_inference,gpt_oss_swa-tp8__generation_idx181_b128_hq8_kv1_dqk64_dvo64_sq4_skv131072_causal,0,unknown,engine,skipped,,False,,Failed to get ranked engine ids: No engine configurations available for the graph.
gfx950,cudnn_frontend_attention_inference,gpt_oss_swa__context_chunked_idx125_b1_hq64_kv8_dqk64_dvo64_sq512_skv65536_causal,0,unknown,engine,skipped,,False,,Failed to get ranked engine ids: No engine configurations available for the graph.
gfx950,cudnn_frontend_attention_inference,gpt_oss_swa__context_chunked_idx126_b1_hq64_kv8_dqk64_dvo64_sq512_skv131072_causal,0,unknown,engine,skipped,,False,,Failed to get ranked engine ids: No engine configurations available for the graph.
gfx950,cudnn_frontend_attention_inference,gpt_oss_swa__context_chunked_idx127_b1_hq64_kv8_dqk64_dvo64_sq1024_skv65536_causal,0,unknown,engine,skipped,,False,,Failed to get ranked engine ids: No engine configurations available for the graph.
gfx950,cudnn_frontend_attention_inference,gpt_oss_swa__context_chunked_idx128_b1_hq64_kv8_dqk64_dvo64_sq1024_skv131072_causal,0,unknown,engine,skipped,,False,,Failed to get ranked engine ids: No engine configurations available for the graph.
gfx950,cudnn_frontend_attention_inference,gpt_oss_swa__context_full_idx122_b1_hq64_kv8_dqk64_dvo64_sq2048_skv2048_causal,0,unknown,engine,skipped,,False,,Failed to get ranked engine ids: No engine configurations available for the graph.
gfx950,cudnn_frontend_attention_inference,gpt_oss_swa__context_full_idx123_b1_hq64_kv8_dqk64_dvo64_sq8192_skv8192_causal,0,unknown,engine,skipped,,False,,Failed to get ranked engine ids: No engine configurations available for the graph.
gfx950,cudnn_frontend_attention_inference,gpt_oss_swa__context_full_idx124_b1_hq64_kv8_dqk64_dvo64_sq32768_skv32768_causal,0,unknown,engine,skipped,,False,,Failed to get ranked engine ids: No engine configurations available for the graph.
gfx950,cudnn_frontend_attention_inference,gpt_oss_swa__generation_idx129_b1_hq64_kv8_dqk64_dvo64_sq1_skv131072_causal,0,unknown,engine,skipped,,False,,Failed to get ranked engine ids: No engine configurations available for the graph.
gfx950,cudnn_frontend_attention_inference,gpt_oss_swa__generation_idx130_b128_hq64_kv8_dqk64_dvo64_sq1_skv131072_causal,0,unknown,engine,skipped,,False,,Failed to get ranked engine ids: No engine configurations available for the graph.
gfx950,cudnn_frontend_attention_inference,gpt_oss_swa__generation_idx131_b1_hq64_kv8_dqk64_dvo64_sq2_skv131072_causal,0,unknown,engine,skipped,,False,,Failed to get ranked engine ids: No engine configurations available for the graph.
gfx950,cudnn_frontend_attention_inference,gpt_oss_swa__generation_idx132_b128_hq64_kv8_dqk64_dvo64_sq2_skv131072_causal,0,unknown,engine,skipped,,False,,Failed to get ranked engine ids: No engine configurations available for the graph.
gfx950,cudnn_frontend_attention_inference,gpt_oss_swa__generation_idx133_b1_hq64_kv8_dqk64_dvo64_sq3_skv131072_causal,0,unknown,engine,skipped,,False,,Failed to get ranked engine ids: No engine configurations available for the graph.
gfx950,cudnn_frontend_attention_inference,gpt_oss_swa__generation_idx134_b128_hq64_kv8_dqk64_dvo64_sq3_skv131072_causal,0,unknown,engine,skipped,,False,,Failed to get ranked engine ids: No engine configurations available for the graph.
gfx950,cudnn_frontend_attention_inference,gpt_oss_swa__generation_idx135_b1_hq64_kv8_dqk64_dvo64_sq4_skv131072_causal,0,unknown,engine,skipped,,False,,Failed to get ranked engine ids: No engine configurations available for the graph.
gfx950,cudnn_frontend_attention_inference,gpt_oss_swa__generation_idx136_b128_hq64_kv8_dqk64_dvo64_sq4_skv131072_causal,0,unknown,engine,skipped,,False,,Failed to get ranked engine ids: No engine configurations available for the graph.
gfx950,cudnn_frontend_attention_inference,kimi_k3-tp2__context_chunked_idx260_b1_hq48_kv1_dqk576_dvo512_sq512_skv65536_causal,0,unknown,engine,skipped,,False,,Failed to get ranked engine ids: No engine configurations available for the graph.
gfx950,cudnn_frontend_attention_inference,kimi_k3-tp2__context_chunked_idx261_b1_hq48_kv1_dqk576_dvo512_sq512_skv131072_causal,0,unknown,engine,skipped,,False,,Failed to get ranked engine ids: No engine configurations available for the graph.
gfx950,cudnn_frontend_attention_inference,kimi_k3-tp2__context_chunked_idx262_b1_hq48_kv1_dqk576_dvo512_sq1024_skv65536_causal,0,unknown,engine,skipped,,False,,Failed to get ranked engine ids: No engine configurations available for the graph.
gfx950,cudnn_frontend_attention_inference,kimi_k3-tp2__context_chunked_idx263_b1_hq48_kv1_dqk576_dvo512_sq1024_skv131072_causal,0,unknown,engine,skipped,,False,,Failed to get ranked engine ids: No engine configurations available for the graph.
gfx950,cudnn_frontend_attention_inference,kimi_k3-tp2__context_full_idx257_b1_hq48_kv1_dqk576_dvo512_sq2048_skv2048_causal,0,unknown,engine,skipped,,False,,Failed to get ranked engine ids: No engine configurations available for the graph.
gfx950,cudnn_frontend_attention_inference,kimi_k3-tp2__context_full_idx258_b1_hq48_kv1_dqk576_dvo512_sq8192_skv8192_causal,0,unknown,engine,skipped,,False,,Failed to get ranked engine ids: No engine configurations available for the graph.
gfx950,cudnn_frontend_attention_inference,kimi_k3-tp2__context_full_idx259_b1_hq48_kv1_dqk576_dvo512_sq32768_skv32768_causal,0,unknown,engine,skipped,,False,,Failed to get ranked engine ids: No engine configurations available for the graph.
gfx950,cudnn_frontend_attention_inference,kimi_k3-tp2__generation_idx264_b1_hq48_kv1_dqk576_dvo512_sq1_skv131072_causal,0,unknown,engine,skipped,,False,,Failed to get ranked engine ids: No engine configurations available for the graph.
gfx950,cudnn_frontend_attention_inference,kimi_k3-tp2__generation_idx265_b128_hq48_kv1_dqk576_dvo512_sq1_skv131072_causal,0,unknown,engine,skipped,,False,,Failed to get ranked engine ids: No engine configurations available for the graph.
gfx950,cudnn_frontend_attention_inference,kimi_k3-tp2__generation_idx266_b1_hq48_kv1_dqk576_dvo512_sq2_skv131072_causal,0,unknown,engine,skipped,,False,,Failed to get ranked engine ids: No engine configurations available for the graph.
gfx950,cudnn_frontend_attention_inference,kimi_k3-tp2__generation_idx267_b128_hq48_kv1_dqk576_dvo512_sq2_skv131072_causal,0,unknown,engine,skipped,,False,,Failed to get ranked engine ids: No engine configurations available for the graph.
gfx950,cudnn_frontend_attention_inference,kimi_k3-tp2__generation_idx268_b1_hq48_kv1_dqk576_dvo512_sq3_skv131072_causal,0,unknown,engine,skipped,,False,,Failed to get ranked engine ids: No engine configurations available for the graph.
gfx950,cudnn_frontend_attention_inference,kimi_k3-tp2__generation_idx269_b128_hq48_kv1_dqk576_dvo512_sq3_skv131072_causal,0,unknown,engine,skipped,,False,,Failed to get ranked engine ids: No engine configurations available for the graph.
gfx950,cudnn_frontend_attention_inference,kimi_k3-tp2__generation_idx270_b1_hq48_kv1_dqk576_dvo512_sq4_skv131072_causal,0,unknown,engine,skipped,,False,,Failed to get ranked engine ids: No engine configurations available for the graph.
gfx950,cudnn_frontend_attention_inference,kimi_k3-tp2__generation_idx271_b128_hq48_kv1_dqk576_dvo512_sq4_skv131072_causal,0,unknown,engine,skipped,,False,,Failed to get ranked engine ids: No engine configurations available for the graph.
gfx950,cudnn_frontend_attention_inference,kimi_k3-tp4__context_chunked_idx275_b1_hq24_kv1_dqk576_dvo512_sq512_skv65536_causal,0,unknown,engine,skipped,,False,,Failed to get ranked engine ids: No engine configurations available for the graph.
gfx950,cudnn_frontend_attention_inference,kimi_k3-tp4__context_chunked_idx276_b1_hq24_kv1_dqk576_dvo512_sq512_skv131072_causal,0,unknown,engine,skipped,,False,,Failed to get ranked engine ids: No engine configurations available for the graph.
gfx950,cudnn_frontend_attention_inference,kimi_k3-tp4__context_chunked_idx277_b1_hq24_kv1_dqk576_dvo512_sq1024_skv65536_causal,0,unknown,engine,skipped,,False,,Failed to get ranked engine ids: No engine configurations available for the graph.
gfx950,cudnn_frontend_attention_inference,kimi_k3-tp4__context_chunked_idx278_b1_hq24_kv1_dqk576_dvo512_sq1024_skv131072_causal,0,unknown,engine,skipped,,False,,Failed to get ranked engine ids: No engine configurations available for the graph.
gfx950,cudnn_frontend_attention_inference,kimi_k3-tp4__context_full_idx272_b1_hq24_kv1_dqk576_dvo512_sq2048_skv2048_causal,0,unknown,engine,skipped,,False,,Failed to get ranked engine ids: No engine configurations available for the graph.
gfx950,cudnn_frontend_attention_inference,kimi_k3-tp4__context_full_idx273_b1_hq24_kv1_dqk576_dvo512_sq8192_skv8192_causal,0,unknown,engine,skipped,,False,,Failed to get ranked engine ids: No engine configurations available for the graph.
gfx950,cudnn_frontend_attention_inference,kimi_k3-tp4__context_full_idx274_b1_hq24_kv1_dqk576_dvo512_sq32768_skv32768_causal,0,unknown,engine,skipped,,False,,Failed to get ranked engine ids: No engine configurations available for the graph.
gfx950,cudnn_frontend_attention_inference,kimi_k3-tp4__generation_idx279_b1_hq24_kv1_dqk576_dvo512_sq1_skv131072_causal,0,unknown,engine,skipped,,False,,Failed to get ranked engine ids: No engine configurations available for the graph.
gfx950,cudnn_frontend_attention_inference,kimi_k3-tp4__generation_idx280_b128_hq24_kv1_dqk576_dvo512_sq1_skv131072_causal,0,unknown,engine,skipped,,False,,Failed to get ranked engine ids: No engine configurations available for the graph.
gfx950,cudnn_frontend_attention_inference,kimi_k3-tp4__generation_idx281_b1_hq24_kv1_dqk576_dvo512_sq2_skv131072_causal,0,unknown,engine,skipped,,False,,Failed to get ranked engine ids: No engine configurations available for the graph.
gfx950,cudnn_frontend_attention_inference,kimi_k3-tp4__generation_idx282_b128_hq24_kv1_dqk576_dvo512_sq2_skv131072_causal,0,unknown,engine,skipped,,False,,Failed to get ranked engine ids: No engine configurations available for the graph.
gfx950,cudnn_frontend_attention_inference,kimi_k3-tp4__generation_idx283_b1_hq24_kv1_dqk576_dvo512_sq3_skv131072_causal,0,unknown,engine,skipped,,False,,Failed to get ranked engine ids: No engine configurations available for the graph.
gfx950,cudnn_frontend_attention_inference,kimi_k3-tp4__generation_idx284_b128_hq24_kv1_dqk576_dvo512_sq3_skv131072_causal,0,unknown,engine,skipped,,False,,Failed to get ranked engine ids: No engine configurations available for the graph.
gfx950,cudnn_frontend_attention_inference,kimi_k3-tp4__generation_idx285_b1_hq24_kv1_dqk576_dvo512_sq4_skv131072_causal,0,unknown,engine,skipped,,False,,Failed to get ranked engine ids: No engine configurations available for the graph.
gfx950,cudnn_frontend_attention_inference,kimi_k3-tp4__generation_idx286_b128_hq24_kv1_dqk576_dvo512_sq4_skv131072_causal,0,unknown,engine,skipped,,False,,Failed to get ranked engine ids: No engine configurations available for the graph.
gfx950,cudnn_frontend_attention_inference,kimi_k3-tp8__context_chunked_idx290_b1_hq12_kv1_dqk576_dvo512_sq512_skv65536_causal,0,unknown,engine,skipped,,False,,Failed to get ranked engine ids: No engine configurations available for the graph.
gfx950,cudnn_frontend_attention_inference,kimi_k3-tp8__context_chunked_idx291_b1_hq12_kv1_dqk576_dvo512_sq512_skv131072_causal,0,unknown,engine,skipped,,False,,Failed to get ranked engine ids: No engine configurations available for the graph.
gfx950,cudnn_frontend_attention_inference,kimi_k3-tp8__context_chunked_idx292_b1_hq12_kv1_dqk576_dvo512_sq1024_skv65536_causal,0,unknown,engine,skipped,,False,,Failed to get ranked engine ids: No engine configurations available for the graph.
gfx950,cudnn_frontend_attention_inference,kimi_k3-tp8__context_chunked_idx293_b1_hq12_kv1_dqk576_dvo512_sq1024_skv131072_causal,0,unknown,engine,skipped,,False,,Failed to get ranked engine ids: No engine configurations available for the graph.
gfx950,cudnn_frontend_attention_inference,kimi_k3-tp8__context_full_idx287_b1_hq12_kv1_dqk576_dvo512_sq2048_skv2048_causal,0,unknown,engine,skipped,,False,,Failed to get ranked engine ids: No engine configurations available for the graph.
gfx950,cudnn_frontend_attention_inference,kimi_k3-tp8__context_full_idx288_b1_hq12_kv1_dqk576_dvo512_sq8192_skv8192_causal,0,unknown,engine,skipped,,False,,Failed to get ranked engine ids: No engine configurations available for the graph.
gfx950,cudnn_frontend_attention_inference,kimi_k3-tp8__context_full_idx289_b1_hq12_kv1_dqk576_dvo512_sq32768_skv32768_causal,0,unknown,engine,skipped,,False,,Failed to get ranked engine ids: No engine configurations available for the graph.
gfx950,cudnn_frontend_attention_inference,kimi_k3-tp8__generation_idx294_b1_hq12_kv1_dqk576_dvo512_sq1_skv131072_causal,0,unknown,engine,skipped,,False,,Failed to get ranked engine ids: No engine configurations available for the graph.
gfx950,cudnn_frontend_attention_inference,kimi_k3-tp8__generation_idx295_b128_hq12_kv1_dqk576_dvo512_sq1_skv131072_causal,0,unknown,engine,skipped,,False,,Failed to get ranked engine ids: No engine configurations available for the graph.
gfx950,cudnn_frontend_attention_inference,kimi_k3-tp8__generation_idx296_b1_hq12_kv1_dqk576_dvo512_sq2_skv131072_causal,0,unknown,engine,skipped,,False,,Failed to get ranked engine ids: No engine configurations available for the graph.
gfx950,cudnn_frontend_attention_inference,kimi_k3-tp8__generation_idx297_b128_hq12_kv1_dqk576_dvo512_sq2_skv131072_causal,0,unknown,engine,skipped,,False,,Failed to get ranked engine ids: No engine configurations available for the graph.
gfx950,cudnn_frontend_attention_inference,kimi_k3-tp8__generation_idx298_b1_hq12_kv1_dqk576_dvo512_sq3_skv131072_causal,0,unknown,engine,skipped,,False,,Failed to get ranked engine ids: No engine configurations available for the graph.
gfx950,cudnn_frontend_attention_inference,kimi_k3-tp8__generation_idx299_b128_hq12_kv1_dqk576_dvo512_sq3_skv131072_causal,0,unknown,engine,skipped,,False,,Failed to get ranked engine ids: No engine configurations available for the graph.
gfx950,cudnn_frontend_attention_inference,kimi_k3-tp8__generation_idx300_b1_hq12_kv1_dqk576_dvo512_sq4_skv131072_causal,0,unknown,engine,skipped,,False,,Failed to get ranked engine ids: No engine configurations available for the graph.
gfx950,cudnn_frontend_attention_inference,kimi_k3-tp8__generation_idx301_b128_hq12_kv1_dqk576_dvo512_sq4_skv131072_causal,0,unknown,engine,skipped,,False,,Failed to get ranked engine ids: No engine configurations available for the graph.
gfx950,cudnn_frontend_attention_inference,kimi_k3__context_chunked_idx245_b1_hq96_kv1_dqk576_dvo512_sq512_skv65536_causal,0,unknown,engine,skipped,,False,,Failed to get ranked engine ids: No engine configurations available for the graph.
gfx950,cudnn_frontend_attention_inference,kimi_k3__context_chunked_idx246_b1_hq96_kv1_dqk576_dvo512_sq512_skv131072_causal,0,unknown,engine,skipped,,False,,Failed to get ranked engine ids: No engine configurations available for the graph.
gfx950,cudnn_frontend_attention_inference,kimi_k3__context_chunked_idx247_b1_hq96_kv1_dqk576_dvo512_sq1024_skv65536_causal,0,unknown,engine,skipped,,False,,Failed to get ranked engine ids: No engine configurations available for the graph.
gfx950,cudnn_frontend_attention_inference,kimi_k3__context_chunked_idx248_b1_hq96_kv1_dqk576_dvo512_sq1024_skv131072_causal,0,unknown,engine,skipped,,False,,Failed to get ranked engine ids: No engine configurations available for the graph.
gfx950,cudnn_frontend_attention_inference,kimi_k3__context_full_idx242_b1_hq96_kv1_dqk576_dvo512_sq2048_skv2048_causal,0,unknown,engine,skipped,,False,,Failed to get ranked engine ids: No engine configurations available for the graph.
gfx950,cudnn_frontend_attention_inference,kimi_k3__context_full_idx243_b1_hq96_kv1_dqk576_dvo512_sq8192_skv8192_causal,0,unknown,engine,skipped,,False,,Failed to get ranked engine ids: No engine configurations available for the graph.
gfx950,cudnn_frontend_attention_inference,kimi_k3__context_full_idx244_b1_hq96_kv1_dqk576_dvo512_sq32768_skv32768_causal,0,unknown,engine,skipped,,False,,Failed to get ranked engine ids: No engine configurations available for the graph.
gfx950,cudnn_frontend_attention_inference,kimi_k3__generation_idx249_b1_hq96_kv1_dqk576_dvo512_sq1_skv131072_causal,0,unknown,engine,skipped,,False,,Failed to get ranked engine ids: No engine configurations available for the graph.
gfx950,cudnn_frontend_attention_inference,kimi_k3__generation_idx250_b128_hq96_kv1_dqk576_dvo512_sq1_skv131072_causal,0,unknown,engine,skipped,,False,,Failed to get ranked engine ids: No engine configurations available for the graph.
gfx950,cudnn_frontend_attention_inference,kimi_k3__generation_idx251_b1_hq96_kv1_dqk576_dvo512_sq2_skv131072_causal,0,unknown,engine,skipped,,False,,Failed to get ranked engine ids: No engine configurations available for the graph.
gfx950,cudnn_frontend_attention_inference,kimi_k3__generation_idx252_b128_hq96_kv1_dqk576_dvo512_sq2_skv131072_causal,0,unknown,engine,skipped,,False,,Failed to get ranked engine ids: No engine configurations available for the graph.
gfx950,cudnn_frontend_attention_inference,kimi_k3__generation_idx253_b1_hq96_kv1_dqk576_dvo512_sq3_skv131072_causal,0,unknown,engine,skipped,,False,,Failed to get ranked engine ids: No engine configurations available for the graph.
gfx950,cudnn_frontend_attention_inference,kimi_k3__generation_idx254_b128_hq96_kv1_dqk576_dvo512_sq3_skv131072_causal,0,unknown,engine,skipped,,False,,Failed to get ranked engine ids: No engine configurations available for the graph.
gfx950,cudnn_frontend_attention_inference,kimi_k3__generation_idx255_b1_hq96_kv1_dqk576_dvo512_sq4_skv131072_causal,0,unknown,engine,skipped,,False,,Failed to get ranked engine ids: No engine configurations available for the graph.
gfx950,cudnn_frontend_attention_inference,kimi_k3__generation_idx256_b128_hq96_kv1_dqk576_dvo512_sq4_skv131072_causal,0,unknown,engine,skipped,,False,,Failed to get ranked engine ids: No engine configurations available for the graph.
gfx950,cudnn_frontend_attention_inference,llama3.1-tp2__context_chunked_idx320_b1_hq32_kv4_dqk128_dvo128_sq512_skv65536_causal,0,unknown,engine,skipped,,False,,Failed to get ranked engine ids: No engine configurations available for the graph.
gfx950,cudnn_frontend_attention_inference,llama3.1-tp2__context_chunked_idx321_b1_hq32_kv4_dqk128_dvo128_sq512_skv131072_causal,0,unknown,engine,skipped,,False,,Failed to get ranked engine ids: No engine configurations available for the graph.
gfx950,cudnn_frontend_attention_inference,llama3.1-tp2__context_chunked_idx322_b1_hq32_kv4_dqk128_dvo128_sq1024_skv65536_causal,0,unknown,engine,skipped,,False,,Failed to get ranked engine ids: No engine configurations available for the graph.
gfx950,cudnn_frontend_attention_inference,llama3.1-tp2__context_chunked_idx323_b1_hq32_kv4_dqk128_dvo128_sq1024_skv131072_causal,0,unknown,engine,skipped,,False,,Failed to get ranked engine ids: No engine configurations available for the graph.
gfx950,cudnn_frontend_attention_inference,llama3.1-tp2__context_full_idx317_b1_hq32_kv4_dqk128_dvo128_sq2048_skv2048_causal,0,unknown,engine,skipped,,False,,Failed to get ranked engine ids: No engine configurations available for the graph.
gfx950,cudnn_frontend_attention_inference,llama3.1-tp2__context_full_idx318_b1_hq32_kv4_dqk128_dvo128_sq8192_skv8192_causal,0,unknown,engine,skipped,,False,,Failed to get ranked engine ids: No engine configurations available for the graph.
gfx950,cudnn_frontend_attention_inference,llama3.1-tp2__context_full_idx319_b1_hq32_kv4_dqk128_dvo128_sq32768_skv32768_causal,0,unknown,engine,skipped,,False,,Failed to get ranked engine ids: No engine configurations available for the graph.
gfx950,cudnn_frontend_attention_inference,llama3.1-tp2__generation_idx324_b1_hq32_kv4_dqk128_dvo128_sq1_skv131072_causal,0,unknown,engine,skipped,,False,,Failed to get ranked engine ids: No engine configurations available for the graph.
gfx950,cudnn_frontend_attention_inference,llama3.1-tp2__generation_idx325_b128_hq32_kv4_dqk128_dvo128_sq1_skv131072_causal,0,unknown,engine,skipped,,False,,Failed to get ranked engine ids: No engine configurations available for the graph.
gfx950,cudnn_frontend_attention_inference,llama3.1-tp2__generation_idx326_b1_hq32_kv4_dqk128_dvo128_sq2_skv131072_causal,0,unknown,engine,skipped,,False,,Failed to get ranked engine ids: No engine configurations available for the graph.
gfx950,cudnn_frontend_attention_inference,llama3.1-tp2__generation_idx327_b128_hq32_kv4_dqk128_dvo128_sq2_skv131072_causal,0,unknown,engine,skipped,,False,,Failed to get ranked engine ids: No engine configurations available for the graph.
gfx950,cudnn_frontend_attention_inference,llama3.1-tp2__generation_idx328_b1_hq32_kv4_dqk128_dvo128_sq3_skv131072_causal,0,unknown,engine,skipped,,False,,Failed to get ranked engine ids: No engine configurations available for the graph.
gfx950,cudnn_frontend_attention_inference,llama3.1-tp2__generation_idx329_b128_hq32_kv4_dqk128_dvo128_sq3_skv131072_causal,0,unknown,engine,skipped,,False,,Failed to get ranked engine ids: No engine configurations available for the graph.
gfx950,cudnn_frontend_attention_inference,llama3.1-tp2__generation_idx330_b1_hq32_kv4_dqk128_dvo128_sq4_skv131072_causal,0,unknown,engine,skipped,,False,,Failed to get ranked engine ids: No engine configurations available for the graph.
gfx950,cudnn_frontend_attention_inference,llama3.1-tp2__generation_idx331_b128_hq32_kv4_dqk128_dvo128_sq4_skv131072_causal,0,unknown,engine,skipped,,False,,Failed to get ranked engine ids: No engine configurations available for the graph.
gfx950,cudnn_frontend_attention_inference,llama3.1-tp4__context_chunked_idx335_b1_hq16_kv2_dqk128_dvo128_sq512_skv65536_causal,0,unknown,engine,skipped,,False,,Failed to get ranked engine ids: No engine configurations available for the graph.
gfx950,cudnn_frontend_attention_inference,llama3.1-tp4__context_chunked_idx336_b1_hq16_kv2_dqk128_dvo128_sq512_skv131072_causal,0,unknown,engine,skipped,,False,,Failed to get ranked engine ids: No engine configurations available for the graph.
gfx950,cudnn_frontend_attention_inference,llama3.1-tp4__context_chunked_idx337_b1_hq16_kv2_dqk128_dvo128_sq1024_skv65536_causal,0,unknown,engine,skipped,,False,,Failed to get ranked engine ids: No engine configurations available for the graph.
gfx950,cudnn_frontend_attention_inference,llama3.1-tp4__context_chunked_idx338_b1_hq16_kv2_dqk128_dvo128_sq1024_skv131072_causal,0,unknown,engine,skipped,,False,,Failed to get ranked engine ids: No engine configurations available for the graph.
gfx950,cudnn_frontend_attention_inference,llama3.1-tp4__context_full_idx332_b1_hq16_kv2_dqk128_dvo128_sq2048_skv2048_causal,0,unknown,engine,skipped,,False,,Failed to get ranked engine ids: No engine configurations available for the graph.
gfx950,cudnn_frontend_attention_inference,llama3.1-tp4__context_full_idx333_b1_hq16_kv2_dqk128_dvo128_sq8192_skv8192_causal,0,unknown,engine,skipped,,False,,Failed to get ranked engine ids: No engine configurations available for the graph.
gfx950,cudnn_frontend_attention_inference,llama3.1-tp4__context_full_idx334_b1_hq16_kv2_dqk128_dvo128_sq32768_skv32768_causal,0,unknown,engine,skipped,,False,,Failed to get ranked engine ids: No engine configurations available for the graph.
gfx950,cudnn_frontend_attention_inference,llama3.1-tp4__generation_idx339_b1_hq16_kv2_dqk128_dvo128_sq1_skv131072_causal,0,unknown,engine,skipped,,False,,Failed to get ranked engine ids: No engine configurations available for the graph.
gfx950,cudnn_frontend_attention_inference,llama3.1-tp4__generation_idx340_b128_hq16_kv2_dqk128_dvo128_sq1_skv131072_causal,0,unknown,engine,skipped,,False,,Failed to get ranked engine ids: No engine configurations available for the graph.
gfx950,cudnn_frontend_attention_inference,llama3.1-tp4__generation_idx341_b1_hq16_kv2_dqk128_dvo128_sq2_skv131072_causal,0,unknown,engine,skipped,,False,,Failed to get ranked engine ids: No engine configurations available for the graph.
gfx950,cudnn_frontend_attention_inference,llama3.1-tp4__generation_idx342_b128_hq16_kv2_dqk128_dvo128_sq2_skv131072_causal,0,unknown,engine,skipped,,False,,Failed to get ranked engine ids: No engine configurations available for the graph.
gfx950,cudnn_frontend_attention_inference,llama3.1-tp4__generation_idx343_b1_hq16_kv2_dqk128_dvo128_sq3_skv131072_causal,0,unknown,engine,skipped,,False,,Failed to get ranked engine ids: No engine configurations available for the graph.
gfx950,cudnn_frontend_attention_inference,llama3.1-tp4__generation_idx344_b128_hq16_kv2_dqk128_dvo128_sq3_skv131072_causal,0,unknown,engine,skipped,,False,,Failed to get ranked engine ids: No engine configurations available for the graph.
gfx950,cudnn_frontend_attention_inference,llama3.1-tp4__generation_idx345_b1_hq16_kv2_dqk128_dvo128_sq4_skv131072_causal,0,unknown,engine,skipped,,False,,Failed to get ranked engine ids: No engine configurations available for the graph.
gfx950,cudnn_frontend_attention_inference,llama3.1-tp4__generation_idx346_b128_hq16_kv2_dqk128_dvo128_sq4_skv131072_causal,0,unknown,engine,skipped,,False,,Failed to get ranked engine ids: No engine configurations available for the graph.
gfx950,cudnn_frontend_attention_inference,llama3.1-tp8__context_chunked_idx350_b1_hq8_kv1_dqk128_dvo128_sq512_skv65536_causal,0,unknown,engine,skipped,,False,,Failed to get ranked engine ids: No engine configurations available for the graph.
gfx950,cudnn_frontend_attention_inference,llama3.1-tp8__context_chunked_idx351_b1_hq8_kv1_dqk128_dvo128_sq512_skv131072_causal,0,unknown,engine,skipped,,False,,Failed to get ranked engine ids: No engine configurations available for the graph.
gfx950,cudnn_frontend_attention_inference,llama3.1-tp8__context_chunked_idx352_b1_hq8_kv1_dqk128_dvo128_sq1024_skv65536_causal,0,unknown,engine,skipped,,False,,Failed to get ranked engine ids: No engine configurations available for the graph.
gfx950,cudnn_frontend_attention_inference,llama3.1-tp8__context_chunked_idx353_b1_hq8_kv1_dqk128_dvo128_sq1024_skv131072_causal,0,unknown,engine,skipped,,False,,Failed to get ranked engine ids: No engine configurations available for the graph.
gfx950,cudnn_frontend_attention_inference,llama3.1-tp8__context_full_idx347_b1_hq8_kv1_dqk128_dvo128_sq2048_skv2048_causal,0,unknown,engine,skipped,,False,,Failed to get ranked engine ids: No engine configurations available for the graph.
gfx950,cudnn_frontend_attention_inference,llama3.1-tp8__context_full_idx348_b1_hq8_kv1_dqk128_dvo128_sq8192_skv8192_causal,0,unknown,engine,skipped,,False,,Failed to get ranked engine ids: No engine configurations available for the graph.
gfx950,cudnn_frontend_attention_inference,llama3.1-tp8__context_full_idx349_b1_hq8_kv1_dqk128_dvo128_sq32768_skv32768_causal,0,unknown,engine,skipped,,False,,Failed to get ranked engine ids: No engine configurations available for the graph.
gfx950,cudnn_frontend_attention_inference,llama3.1-tp8__generation_idx354_b1_hq8_kv1_dqk128_dvo128_sq1_skv131072_causal,0,unknown,engine,skipped,,False,,Failed to get ranked engine ids: No engine configurations available for the graph.
gfx950,cudnn_frontend_attention_inference,llama3.1-tp8__generation_idx355_b128_hq8_kv1_dqk128_dvo128_sq1_skv131072_causal,0,unknown,engine,skipped,,False,,Failed to get ranked engine ids: No engine configurations available for the graph.
gfx950,cudnn_frontend_attention_inference,llama3.1-tp8__generation_idx356_b1_hq8_kv1_dqk128_dvo128_sq2_skv131072_causal,0,unknown,engine,skipped,,False,,Failed to get ranked engine ids: No engine configurations available for the graph.
gfx950,cudnn_frontend_attention_inference,llama3.1-tp8__generation_idx357_b128_hq8_kv1_dqk128_dvo128_sq2_skv131072_causal,0,unknown,engine,skipped,,False,,Failed to get ranked engine ids: No engine configurations available for the graph.
gfx950,cudnn_frontend_attention_inference,llama3.1-tp8__generation_idx358_b1_hq8_kv1_dqk128_dvo128_sq3_skv131072_causal,0,unknown,engine,skipped,,False,,Failed to get ranked engine ids: No engine configurations available for the graph.
gfx950,cudnn_frontend_attention_inference,llama3.1-tp8__generation_idx359_b128_hq8_kv1_dqk128_dvo128_sq3_skv131072_causal,0,unknown,engine,skipped,,False,,Failed to get ranked engine ids: No engine configurations available for the graph.
gfx950,cudnn_frontend_attention_inference,llama3.1-tp8__generation_idx360_b1_hq8_kv1_dqk128_dvo128_sq4_skv131072_causal,0,unknown,engine,skipped,,False,,Failed to get ranked engine ids: No engine configurations available for the graph.
gfx950,cudnn_frontend_attention_inference,llama3.1-tp8__generation_idx361_b128_hq8_kv1_dqk128_dvo128_sq4_skv131072_causal,0,unknown,engine,skipped,,False,,Failed to get ranked engine ids: No engine configurations available for the graph.
gfx950,cudnn_frontend_attention_inference,llama3.1__context_chunked_idx305_b1_hq64_kv8_dqk128_dvo128_sq512_skv65536_causal,0,unknown,engine,skipped,,False,,Failed to get ranked engine ids: No engine configurations available for the graph.
gfx950,cudnn_frontend_attention_inference,llama3.1__context_chunked_idx306_b1_hq64_kv8_dqk128_dvo128_sq512_skv131072_causal,0,unknown,engine,skipped,,False,,Failed to get ranked engine ids: No engine configurations available for the graph.
gfx950,cudnn_frontend_attention_inference,llama3.1__context_chunked_idx307_b1_hq64_kv8_dqk128_dvo128_sq1024_skv65536_causal,0,unknown,engine,skipped,,False,,Failed to get ranked engine ids: No engine configurations available for the graph.
gfx950,cudnn_frontend_attention_inference,llama3.1__context_chunked_idx308_b1_hq64_kv8_dqk128_dvo128_sq1024_skv131072_causal,0,unknown,engine,skipped,,False,,Failed to get ranked engine ids: No engine configurations available for the graph.
gfx950,cudnn_frontend_attention_inference,llama3.1__context_full_idx302_b1_hq64_kv8_dqk128_dvo128_sq2048_skv2048_causal,0,unknown,engine,skipped,,False,,Failed to get ranked engine ids: No engine configurations available for the graph.
gfx950,cudnn_frontend_attention_inference,llama3.1__context_full_idx303_b1_hq64_kv8_dqk128_dvo128_sq8192_skv8192_causal,0,unknown,engine,skipped,,False,,Failed to get ranked engine ids: No engine configurations available for the graph.
gfx950,cudnn_frontend_attention_inference,llama3.1__context_full_idx304_b1_hq64_kv8_dqk128_dvo128_sq32768_skv32768_causal,0,unknown,engine,skipped,,False,,Failed to get ranked engine ids: No engine configurations available for the graph.
gfx950,cudnn_frontend_attention_inference,llama3.1__generation_idx309_b1_hq64_kv8_dqk128_dvo128_sq1_skv131072_causal,0,unknown,engine,skipped,,False,,Failed to get ranked engine ids: No engine configurations available for the graph.
gfx950,cudnn_frontend_attention_inference,llama3.1__generation_idx310_b128_hq64_kv8_dqk128_dvo128_sq1_skv131072_causal,0,unknown,engine,skipped,,False,,Failed to get ranked engine ids: No engine configurations available for the graph.
gfx950,cudnn_frontend_attention_inference,llama3.1__generation_idx311_b1_hq64_kv8_dqk128_dvo128_sq2_skv131072_causal,0,unknown,engine,skipped,,False,,Failed to get ranked engine ids: No engine configurations available for the graph.
gfx950,cudnn_frontend_attention_inference,llama3.1__generation_idx312_b128_hq64_kv8_dqk128_dvo128_sq2_skv131072_causal,0,unknown,engine,skipped,,False,,Failed to get ranked engine ids: No engine configurations available for the graph.
gfx950,cudnn_frontend_attention_inference,llama3.1__generation_idx313_b1_hq64_kv8_dqk128_dvo128_sq3_skv131072_causal,0,unknown,engine,skipped,,False,,Failed to get ranked engine ids: No engine configurations available for the graph.
gfx950,cudnn_frontend_attention_inference,llama3.1__generation_idx314_b128_hq64_kv8_dqk128_dvo128_sq3_skv131072_causal,0,unknown,engine,skipped,,False,,Failed to get ranked engine ids: No engine configurations available for the graph.
gfx950,cudnn_frontend_attention_inference,llama3.1__generation_idx315_b1_hq64_kv8_dqk128_dvo128_sq4_skv131072_causal,0,unknown,engine,skipped,,False,,Failed to get ranked engine ids: No engine configurations available for the graph.
gfx950,cudnn_frontend_attention_inference,llama3.1__generation_idx316_b128_hq64_kv8_dqk128_dvo128_sq4_skv131072_causal,0,unknown,engine,skipped,,False,,Failed to get ranked engine ids: No engine configurations available for the graph.
gfx950,cudnn_frontend_attention_inference,qwen3.5-tp2__context_chunked_idx380_b1_hq16_kv1_dqk256_dvo256_sq512_skv65536_causal,0,unknown,engine,skipped,,False,,Failed to get ranked engine ids: No engine configurations available for the graph.
gfx950,cudnn_frontend_attention_inference,qwen3.5-tp2__context_chunked_idx381_b1_hq16_kv1_dqk256_dvo256_sq512_skv131072_causal,0,unknown,engine,skipped,,False,,Failed to get ranked engine ids: No engine configurations available for the graph.
gfx950,cudnn_frontend_attention_inference,qwen3.5-tp2__context_chunked_idx382_b1_hq16_kv1_dqk256_dvo256_sq1024_skv65536_causal,0,unknown,engine,skipped,,False,,Failed to get ranked engine ids: No engine configurations available for the graph.
gfx950,cudnn_frontend_attention_inference,qwen3.5-tp2__context_chunked_idx383_b1_hq16_kv1_dqk256_dvo256_sq1024_skv131072_causal,0,unknown,engine,skipped,,False,,Failed to get ranked engine ids: No engine configurations available for the graph.
gfx950,cudnn_frontend_attention_inference,qwen3.5-tp2__context_full_idx377_b1_hq16_kv1_dqk256_dvo256_sq2048_skv2048_causal,0,unknown,engine,skipped,,False,,Failed to get ranked engine ids: No engine configurations available for the graph.
gfx950,cudnn_frontend_attention_inference,qwen3.5-tp2__context_full_idx378_b1_hq16_kv1_dqk256_dvo256_sq8192_skv8192_causal,0,unknown,engine,skipped,,False,,Failed to get ranked engine ids: No engine configurations available for the graph.
gfx950,cudnn_frontend_attention_inference,qwen3.5-tp2__context_full_idx379_b1_hq16_kv1_dqk256_dvo256_sq32768_skv32768_causal,0,unknown,engine,skipped,,False,,Failed to get ranked engine ids: No engine configurations available for the graph.
gfx950,cudnn_frontend_attention_inference,qwen3.5-tp2__generation_idx384_b1_hq16_kv1_dqk256_dvo256_sq1_skv131072_causal,0,unknown,engine,skipped,,False,,Failed to get ranked engine ids: No engine configurations available for the graph.
gfx950,cudnn_frontend_attention_inference,qwen3.5-tp2__generation_idx385_b128_hq16_kv1_dqk256_dvo256_sq1_skv131072_causal,0,unknown,engine,skipped,,False,,Failed to get ranked engine ids: No engine configurations available for the graph.
gfx950,cudnn_frontend_attention_inference,qwen3.5-tp2__generation_idx386_b1_hq16_kv1_dqk256_dvo256_sq2_skv131072_causal,0,unknown,engine,skipped,,False,,Failed to get ranked engine ids: No engine configurations available for the graph.
gfx950,cudnn_frontend_attention_inference,qwen3.5-tp2__generation_idx387_b128_hq16_kv1_dqk256_dvo256_sq2_skv131072_causal,0,unknown,engine,skipped,,False,,Failed to get ranked engine ids: No engine configurations available for the graph.
gfx950,cudnn_frontend_attention_inference,qwen3.5-tp2__generation_idx388_b1_hq16_kv1_dqk256_dvo256_sq3_skv131072_causal,0,unknown,engine,skipped,,False,,Failed to get ranked engine ids: No engine configurations available for the graph.
gfx950,cudnn_frontend_attention_inference,qwen3.5-tp2__generation_idx389_b128_hq16_kv1_dqk256_dvo256_sq3_skv131072_causal,0,unknown,engine,skipped,,False,,Failed to get ranked engine ids: No engine configurations available for the graph.
gfx950,cudnn_frontend_attention_inference,qwen3.5-tp2__generation_idx390_b1_hq16_kv1_dqk256_dvo256_sq4_skv131072_causal,0,unknown,engine,skipped,,False,,Failed to get ranked engine ids: No engine configurations available for the graph.
gfx950,cudnn_frontend_attention_inference,qwen3.5-tp2__generation_idx391_b128_hq16_kv1_dqk256_dvo256_sq4_skv131072_causal,0,unknown,engine,skipped,,False,,Failed to get ranked engine ids: No engine configurations available for the graph.
gfx950,cudnn_frontend_attention_inference,qwen3.5-tp4__context_chunked_idx395_b1_hq8_kv1_dqk256_dvo256_sq512_skv65536_causal,0,unknown,engine,skipped,,False,,Failed to get ranked engine ids: No engine configurations available for the graph.
gfx950,cudnn_frontend_attention_inference,qwen3.5-tp4__context_chunked_idx396_b1_hq8_kv1_dqk256_dvo256_sq512_skv131072_causal,0,unknown,engine,skipped,,False,,Failed to get ranked engine ids: No engine configurations available for the graph.
gfx950,cudnn_frontend_attention_inference,qwen3.5-tp4__context_chunked_idx397_b1_hq8_kv1_dqk256_dvo256_sq1024_skv65536_causal,0,unknown,engine,skipped,,False,,Failed to get ranked engine ids: No engine configurations available for the graph.
gfx950,cudnn_frontend_attention_inference,qwen3.5-tp4__context_chunked_idx398_b1_hq8_kv1_dqk256_dvo256_sq1024_skv131072_causal,0,unknown,engine,skipped,,False,,Failed to get ranked engine ids: No engine configurations available for the graph.
gfx950,cudnn_frontend_attention_inference,qwen3.5-tp4__context_full_idx392_b1_hq8_kv1_dqk256_dvo256_sq2048_skv2048_causal,0,unknown,engine,skipped,,False,,Failed to get ranked engine ids: No engine configurations available for the graph.
gfx950,cudnn_frontend_attention_inference,qwen3.5-tp4__context_full_idx393_b1_hq8_kv1_dqk256_dvo256_sq8192_skv8192_causal,0,unknown,engine,skipped,,False,,Failed to get ranked engine ids: No engine configurations available for the graph.
gfx950,cudnn_frontend_attention_inference,qwen3.5-tp4__context_full_idx394_b1_hq8_kv1_dqk256_dvo256_sq32768_skv32768_causal,0,unknown,engine,skipped,,False,,Failed to get ranked engine ids: No engine configurations available for the graph.
gfx950,cudnn_frontend_attention_inference,qwen3.5-tp4__generation_idx399_b1_hq8_kv1_dqk256_dvo256_sq1_skv131072_causal,0,unknown,engine,skipped,,False,,Failed to get ranked engine ids: No engine configurations available for the graph.
gfx950,cudnn_frontend_attention_inference,qwen3.5-tp4__generation_idx400_b128_hq8_kv1_dqk256_dvo256_sq1_skv131072_causal,0,unknown,engine,skipped,,False,,Failed to get ranked engine ids: No engine configurations available for the graph.
gfx950,cudnn_frontend_attention_inference,qwen3.5-tp4__generation_idx401_b1_hq8_kv1_dqk256_dvo256_sq2_skv131072_causal,0,unknown,engine,skipped,,False,,Failed to get ranked engine ids: No engine configurations available for the graph.
gfx950,cudnn_frontend_attention_inference,qwen3.5-tp4__generation_idx402_b128_hq8_kv1_dqk256_dvo256_sq2_skv131072_causal,0,unknown,engine,skipped,,False,,Failed to get ranked engine ids: No engine configurations available for the graph.
gfx950,cudnn_frontend_attention_inference,qwen3.5-tp4__generation_idx403_b1_hq8_kv1_dqk256_dvo256_sq3_skv131072_causal,0,unknown,engine,skipped,,False,,Failed to get ranked engine ids: No engine configurations available for the graph.
gfx950,cudnn_frontend_attention_inference,qwen3.5-tp4__generation_idx404_b128_hq8_kv1_dqk256_dvo256_sq3_skv131072_causal,0,unknown,engine,skipped,,False,,Failed to get ranked engine ids: No engine configurations available for the graph.
gfx950,cudnn_frontend_attention_inference,qwen3.5-tp4__generation_idx405_b1_hq8_kv1_dqk256_dvo256_sq4_skv131072_causal,0,unknown,engine,skipped,,False,,Failed to get ranked engine ids: No engine configurations available for the graph.
gfx950,cudnn_frontend_attention_inference,qwen3.5-tp4__generation_idx406_b128_hq8_kv1_dqk256_dvo256_sq4_skv131072_causal,0,unknown,engine,skipped,,False,,Failed to get ranked engine ids: No engine configurations available for the graph.
gfx950,cudnn_frontend_attention_inference,qwen3.5-tp8__context_chunked_idx410_b1_hq4_kv1_dqk256_dvo256_sq512_skv65536_causal,0,unknown,engine,skipped,,False,,Failed to get ranked engine ids: No engine configurations available for the graph.
gfx950,cudnn_frontend_attention_inference,qwen3.5-tp8__context_chunked_idx411_b1_hq4_kv1_dqk256_dvo256_sq512_skv131072_causal,0,unknown,engine,skipped,,False,,Failed to get ranked engine ids: No engine configurations available for the graph.
gfx950,cudnn_frontend_attention_inference,qwen3.5-tp8__context_chunked_idx412_b1_hq4_kv1_dqk256_dvo256_sq1024_skv65536_causal,0,unknown,engine,skipped,,False,,Failed to get ranked engine ids: No engine configurations available for the graph.
gfx950,cudnn_frontend_attention_inference,qwen3.5-tp8__context_chunked_idx413_b1_hq4_kv1_dqk256_dvo256_sq1024_skv131072_causal,0,unknown,engine,skipped,,False,,Failed to get ranked engine ids: No engine configurations available for the graph.
gfx950,cudnn_frontend_attention_inference,qwen3.5-tp8__context_full_idx407_b1_hq4_kv1_dqk256_dvo256_sq2048_skv2048_causal,0,unknown,engine,skipped,,False,,Failed to get ranked engine ids: No engine configurations available for the graph.
gfx950,cudnn_frontend_attention_inference,qwen3.5-tp8__context_full_idx408_b1_hq4_kv1_dqk256_dvo256_sq8192_skv8192_causal,0,unknown,engine,skipped,,False,,Failed to get ranked engine ids: No engine configurations available for the graph.
gfx950,cudnn_frontend_attention_inference,qwen3.5-tp8__context_full_idx409_b1_hq4_kv1_dqk256_dvo256_sq32768_skv32768_causal,0,unknown,engine,skipped,,False,,Failed to get ranked engine ids: No engine configurations available for the graph.
gfx950,cudnn_frontend_attention_inference,qwen3.5-tp8__generation_idx414_b1_hq4_kv1_dqk256_dvo256_sq1_skv131072_causal,0,unknown,engine,skipped,,False,,Failed to get ranked engine ids: No engine configurations available for the graph.
gfx950,cudnn_frontend_attention_inference,qwen3.5-tp8__generation_idx415_b128_hq4_kv1_dqk256_dvo256_sq1_skv131072_causal,0,unknown,engine,skipped,,False,,Failed to get ranked engine ids: No engine configurations available for the graph.
gfx950,cudnn_frontend_attention_inference,qwen3.5-tp8__generation_idx416_b1_hq4_kv1_dqk256_dvo256_sq2_skv131072_causal,0,unknown,engine,skipped,,False,,Failed to get ranked engine ids: No engine configurations available for the graph.
gfx950,cudnn_frontend_attention_inference,qwen3.5-tp8__generation_idx417_b128_hq4_kv1_dqk256_dvo256_sq2_skv131072_causal,0,unknown,engine,skipped,,False,,Failed to get ranked engine ids: No engine configurations available for the graph.
gfx950,cudnn_frontend_attention_inference,qwen3.5-tp8__generation_idx418_b1_hq4_kv1_dqk256_dvo256_sq3_skv131072_causal,0,unknown,engine,skipped,,False,,Failed to get ranked engine ids: No engine configurations available for the graph.
gfx950,cudnn_frontend_attention_inference,qwen3.5-tp8__generation_idx419_b128_hq4_kv1_dqk256_dvo256_sq3_skv131072_causal,0,unknown,engine,skipped,,False,,Failed to get ranked engine ids: No engine configurations available for the graph.
gfx950,cudnn_frontend_attention_inference,qwen3.5-tp8__generation_idx420_b1_hq4_kv1_dqk256_dvo256_sq4_skv131072_causal,0,unknown,engine,skipped,,False,,Failed to get ranked engine ids: No engine configurations available for the graph.
gfx950,cudnn_frontend_attention_inference,qwen3.5-tp8__generation_idx421_b128_hq4_kv1_dqk256_dvo256_sq4_skv131072_causal,0,unknown,engine,skipped,,False,,Failed to get ranked engine ids: No engine configurations available for the graph.
gfx950,cudnn_frontend_attention_inference,qwen3.5__context_chunked_idx365_b1_hq32_kv2_dqk256_dvo256_sq512_skv65536_causal,0,unknown,engine,skipped,,False,,Failed to get ranked engine ids: No engine configurations available for the graph.
gfx950,cudnn_frontend_attention_inference,qwen3.5__context_chunked_idx366_b1_hq32_kv2_dqk256_dvo256_sq512_skv131072_causal,0,unknown,engine,skipped,,False,,Failed to get ranked engine ids: No engine configurations available for the graph.
gfx950,cudnn_frontend_attention_inference,qwen3.5__context_chunked_idx367_b1_hq32_kv2_dqk256_dvo256_sq1024_skv65536_causal,0,unknown,engine,skipped,,False,,Failed to get ranked engine ids: No engine configurations available for the graph.
gfx950,cudnn_frontend_attention_inference,qwen3.5__context_chunked_idx368_b1_hq32_kv2_dqk256_dvo256_sq1024_skv131072_causal,0,unknown,engine,skipped,,False,,Failed to get ranked engine ids: No engine configurations available for the graph.
gfx950,cudnn_frontend_attention_inference,qwen3.5__context_full_idx362_b1_hq32_kv2_dqk256_dvo256_sq2048_skv2048_causal,0,unknown,engine,skipped,,False,,Failed to get ranked engine ids: No engine configurations available for the graph.
gfx950,cudnn_frontend_attention_inference,qwen3.5__context_full_idx363_b1_hq32_kv2_dqk256_dvo256_sq8192_skv8192_causal,0,unknown,engine,skipped,,False,,Failed to get ranked engine ids: No engine configurations available for the graph.
gfx950,cudnn_frontend_attention_inference,qwen3.5__context_full_idx364_b1_hq32_kv2_dqk256_dvo256_sq32768_skv32768_causal,0,unknown,engine,skipped,,False,,Failed to get ranked engine ids: No engine configurations available for the graph.
gfx950,cudnn_frontend_attention_inference,qwen3.5__generation_idx369_b1_hq32_kv2_dqk256_dvo256_sq1_skv131072_causal,0,unknown,engine,skipped,,False,,Failed to get ranked engine ids: No engine configurations available for the graph.
gfx950,cudnn_frontend_attention_inference,qwen3.5__generation_idx370_b128_hq32_kv2_dqk256_dvo256_sq1_skv131072_causal,0,unknown,engine,skipped,,False,,Failed to get ranked engine ids: No engine configurations available for the graph.
gfx950,cudnn_frontend_attention_inference,qwen3.5__generation_idx371_b1_hq32_kv2_dqk256_dvo256_sq2_skv131072_causal,0,unknown,engine,skipped,,False,,Failed to get ranked engine ids: No engine configurations available for the graph.
gfx950,cudnn_frontend_attention_inference,qwen3.5__generation_idx372_b128_hq32_kv2_dqk256_dvo256_sq2_skv131072_causal,0,unknown,engine,skipped,,False,,Failed to get ranked engine ids: No engine configurations available for the graph.
gfx950,cudnn_frontend_attention_inference,qwen3.5__generation_idx373_b1_hq32_kv2_dqk256_dvo256_sq3_skv131072_causal,0,unknown,engine,skipped,,False,,Failed to get ranked engine ids: No engine configurations available for the graph.
gfx950,cudnn_frontend_attention_inference,qwen3.5__generation_idx374_b128_hq32_kv2_dqk256_dvo256_sq3_skv131072_causal,0,unknown,engine,skipped,,False,,Failed to get ranked engine ids: No engine configurations available for the graph.
gfx950,cudnn_frontend_attention_inference,qwen3.5__generation_idx375_b1_hq32_kv2_dqk256_dvo256_sq4_skv131072_causal,0,unknown,engine,skipped,,False,,Failed to get ranked engine ids: No engine configurations available for the graph.
gfx950,cudnn_frontend_attention_inference,qwen3.5__generation_idx376_b128_hq32_kv2_dqk256_dvo256_sq4_skv131072_causal,0,unknown,engine,skipped,,False,,Failed to get ranked engine ids: No engine configurations available for the graph.
gfx950,cudnn_frontend_attention_inference,qwen3vl_vit__context_full_idx422_b1_hq16_kv16_dqk80_dvo80_sq8836_skv8836_full,0,unknown,engine,skipped,,False,,Failed to get ranked engine ids: No engine configurations available for the graph.
gfx950,cudnn_frontend_attention_inference,qwen3vl_vit__context_full_idx423_b1_hq16_kv16_dqk80_dvo80_sq15376_skv15376_full,0,unknown,engine,skipped,,False,,Failed to get ranked engine ids: No engine configurations available for the graph.
gfx950,cudnn_frontend_attention_inference,qwen3vl_vit__context_full_idx424_b1_hq16_kv16_dqk80_dvo80_sq24336_skv24336_full,0,unknown,engine,skipped,,False,,Failed to get ranked engine ids: No engine configurations available for the graph.
gfx950,cudnn_frontend_attention_inference,qwen3vl_vit__context_full_idx425_b1_hq16_kv16_dqk80_dvo80_sq35344_skv35344_full,0,unknown,engine,skipped,,False,,Failed to get ranked engine ids: No engine configurations available for the graph.
gfx950,cudnn_frontend_attention_inference,qwen3vl_vit__context_full_idx426_b1_hq16_kv16_dqk80_dvo80_sq47376_skv47376_full,0,unknown,engine,skipped,,False,,Failed to get ranked engine ids: No engine configurations available for the graph.
gfx950,cudnn_frontend_attention_inference,qwen3vl_vit__context_full_idx427_b1_hq16_kv16_dqk80_dvo80_sq62500_skv62500_full,0,unknown,engine,skipped,,False,,Failed to get ranked engine ids: No engine configurations available for the graph.
